DateTime,Junction,Actual,Spatial_GRU_Predicted
2017-06-04 21:00:00,1,61.000004,60.07883
2017-06-04 22:00:00,1,62.999996,60.68151
2017-06-04 23:00:00,1,58.0,60.723408
2017-06-05 00:00:00,1,56.0,53.638542
2017-06-05 01:00:00,1,46.0,46.285217
2017-06-05 02:00:00,1,38.0,39.56264
2017-06-05 03:00:00,1,38.0,35.177242
2017-06-05 04:00:00,1,31.000002,34.34596
2017-06-05 05:00:00,1,33.0,33.902473
2017-06-05 06:00:00,1,42.0,35.8094
2017-06-05 07:00:00,1,48.000004,47.625095
2017-06-05 08:00:00,1,56.0,55.89834
2017-06-05 09:00:00,1,65.0,70.20609
2017-06-05 10:00:00,1,84.0,85.047676
2017-06-05 11:00:00,1,100.99999,99.07779
2017-06-05 12:00:00,1,106.0,98.88068
2017-06-05 13:00:00,1,93.99999,94.71919
2017-06-05 14:00:00,1,100.99999,96.949356
2017-06-05 15:00:00,1,102.99999,100.3208
2017-06-05 16:00:00,1,93.0,96.96023
2017-06-05 17:00:00,1,89.0,94.08057
2017-06-05 18:00:00,1,95.99999,96.00528
2017-06-05 19:00:00,1,99.99999,96.03089
2017-06-05 20:00:00,1,93.0,92.95283
2017-06-05 21:00:00,1,89.0,89.2171
2017-06-05 22:00:00,1,89.0,87.856346
2017-06-05 23:00:00,1,83.0,83.71097
2017-06-06 00:00:00,1,75.0,74.72099
2017-06-06 01:00:00,1,71.0,60.114212
2017-06-06 02:00:00,1,55.0,55.67592
2017-06-06 03:00:00,1,47.000004,47.035393
2017-06-06 04:00:00,1,43.0,41.544147
2017-06-06 05:00:00,1,42.0,40.202217
2017-06-06 06:00:00,1,43.0,43.448242
2017-06-06 07:00:00,1,51.0,50.27027
2017-06-06 08:00:00,1,61.000004,59.46516
2017-06-06 09:00:00,1,65.0,74.45202
2017-06-06 10:00:00,1,95.99999,85.03429
2017-06-06 11:00:00,1,111.99999,105.958534
2017-06-06 12:00:00,1,108.99999,106.47279
2017-06-06 13:00:00,1,102.0,97.543076
2017-06-06 14:00:00,1,112.99999,105.13583
2017-06-06 15:00:00,1,115.0,108.81483
2017-06-06 16:00:00,1,126.99999,103.1168
2017-06-06 17:00:00,1,134.0,109.879814
2017-06-06 18:00:00,1,139.99998,121.908325
2017-06-06 19:00:00,1,136.0,123.50026
2017-06-06 20:00:00,1,125.99999,120.10403
2017-06-06 21:00:00,1,113.99999,113.75289
2017-06-06 22:00:00,1,104.0,98.998634
2017-06-06 23:00:00,1,95.0,97.40325
2017-06-07 00:00:00,1,87.0,86.67571
2017-06-07 01:00:00,1,81.0,69.92549
2017-06-07 02:00:00,1,65.0,63.106564
2017-06-07 03:00:00,1,57.0,52.553226
2017-06-07 04:00:00,1,47.000004,46.011406
2017-06-07 05:00:00,1,46.0,42.05047
2017-06-07 06:00:00,1,53.0,45.458385
2017-06-07 07:00:00,1,59.0,55.45088
2017-06-07 08:00:00,1,67.0,64.30693
2017-06-07 09:00:00,1,78.0,74.17207
2017-06-07 10:00:00,1,95.0,94.53657
2017-06-07 11:00:00,1,113.99999,105.59543
2017-06-07 12:00:00,1,110.99999,108.396706
2017-06-07 13:00:00,1,97.0,102.81676
2017-06-07 14:00:00,1,106.99999,103.4516
2017-06-07 15:00:00,1,110.99999,105.000206
2017-06-07 16:00:00,1,104.0,104.50271
2017-06-07 17:00:00,1,102.0,101.53796
2017-06-07 18:00:00,1,104.0,104.814415
2017-06-07 19:00:00,1,104.99999,102.12381
2017-06-07 20:00:00,1,100.99999,99.409996
2017-06-07 21:00:00,1,95.0,93.30516
2017-06-07 22:00:00,1,93.0,89.47016
2017-06-07 23:00:00,1,88.0,86.73935
2017-06-08 00:00:00,1,84.0,78.768036
2017-06-08 01:00:00,1,65.0,67.85356
2017-06-08 02:00:00,1,55.0,56.658936
2017-06-08 03:00:00,1,45.0,47.613697
2017-06-08 04:00:00,1,44.0,38.71926
2017-06-08 05:00:00,1,40.0,39.313145
2017-06-08 06:00:00,1,49.000004,41.727993
2017-06-08 07:00:00,1,51.0,50.63747
2017-06-08 08:00:00,1,58.0,58.37717
2017-06-08 09:00:00,1,71.0,70.221596
2017-06-08 10:00:00,1,104.0,85.45232
2017-06-08 11:00:00,1,113.99999,110.44965
2017-06-08 12:00:00,1,111.99999,107.41997
2017-06-08 13:00:00,1,97.99999,99.94107
2017-06-08 14:00:00,1,110.0,103.683174
2017-06-08 15:00:00,1,106.99999,105.37171
2017-06-08 16:00:00,1,99.99999,103.04556
2017-06-08 17:00:00,1,100.99999,99.718605
2017-06-08 18:00:00,1,106.0,101.411995
2017-06-08 19:00:00,1,110.0,101.98158
2017-06-08 20:00:00,1,108.0,99.180016
2017-06-08 21:00:00,1,95.0,97.32513
2017-06-08 22:00:00,1,88.0,90.26973
2017-06-08 23:00:00,1,88.0,86.33437
2017-06-09 00:00:00,1,84.0,78.64353
2017-06-09 01:00:00,1,73.0,65.45664
2017-06-09 02:00:00,1,59.0,57.485794
2017-06-09 03:00:00,1,48.000004,49.472767
2017-06-09 04:00:00,1,43.0,41.27548
2017-06-09 05:00:00,1,38.0,39.397434
2017-06-09 06:00:00,1,45.0,41.016212
2017-06-09 07:00:00,1,52.0,49.879425
2017-06-09 08:00:00,1,54.0,59.400528
2017-06-09 09:00:00,1,67.0,65.37163
2017-06-09 10:00:00,1,85.0,86.70525
2017-06-09 11:00:00,1,99.99999,94.46295
2017-06-09 12:00:00,1,102.0,97.62225
2017-06-09 13:00:00,1,93.99999,91.83838
2017-06-09 14:00:00,1,99.99999,97.84647
2017-06-09 15:00:00,1,98.99999,94.695274
2017-06-09 16:00:00,1,90.0,93.210724
2017-06-09 17:00:00,1,86.0,88.170555
2017-06-09 18:00:00,1,93.99999,91.89454
2017-06-09 19:00:00,1,95.99999,94.04232
2017-06-09 20:00:00,1,90.0,92.68485
2017-06-09 21:00:00,1,80.0,85.53291
2017-06-09 22:00:00,1,79.0,80.31588
2017-06-09 23:00:00,1,75.0,77.55271
2017-06-10 00:00:00,1,65.0,67.91674
2017-06-10 01:00:00,1,60.0,55.605675
2017-06-10 02:00:00,1,47.000004,49.37761
2017-06-10 03:00:00,1,37.0,38.56517
2017-06-10 04:00:00,1,33.0,31.494501
2017-06-10 05:00:00,1,29.0,30.885254
2017-06-10 06:00:00,1,30.0,31.005398
2017-06-10 07:00:00,1,34.0,35.23161
2017-06-10 08:00:00,1,42.0,41.097054
2017-06-10 09:00:00,1,41.0,50.712692
2017-06-10 10:00:00,1,53.0,54.63001
2017-06-10 11:00:00,1,58.0,60.794827
2017-06-10 12:00:00,1,59.0,59.701424
2017-06-10 13:00:00,1,58.0,56.568882
2017-06-10 14:00:00,1,57.0,55.92248
2017-06-10 15:00:00,1,51.0,55.28775
2017-06-10 16:00:00,1,53.0,52.500916
2017-06-10 17:00:00,1,57.0,55.175995
2017-06-10 18:00:00,1,57.0,60.608864
2017-06-10 19:00:00,1,58.0,60.65162
2017-06-10 20:00:00,1,65.0,61.72259
2017-06-10 21:00:00,1,60.0,62.84073
2017-06-10 22:00:00,1,61.000004,59.52023
2017-06-10 23:00:00,1,58.0,59.702816
2017-06-11 00:00:00,1,54.0,52.485733
2017-06-11 01:00:00,1,44.0,44.545773
2017-06-11 02:00:00,1,35.0,38.528812
2017-06-11 03:00:00,1,32.0,32.698494
2017-06-11 04:00:00,1,24.000002,29.373186
2017-06-11 05:00:00,1,27.0,25.492958
2017-06-11 06:00:00,1,28.0,27.308605
2017-06-11 07:00:00,1,31.000002,31.651459
2017-06-11 08:00:00,1,38.0,36.41312
2017-06-11 09:00:00,1,44.0,43.645416
2017-06-11 10:00:00,1,49.999996,52.45388
2017-06-11 11:00:00,1,55.0,56.754887
2017-06-11 12:00:00,1,58.0,56.55208
2017-06-11 13:00:00,1,53.0,54.40171
2017-06-11 14:00:00,1,49.999996,50.444607
2017-06-11 15:00:00,1,49.999996,48.473774
2017-06-11 16:00:00,1,54.0,50.386604
2017-06-11 17:00:00,1,51.0,54.155502
2017-06-11 18:00:00,1,66.0,56.099236
2017-06-11 19:00:00,1,75.0,67.14244
2017-06-11 20:00:00,1,75.0,69.75889
2017-06-11 21:00:00,1,71.0,70.9567
2017-06-11 22:00:00,1,69.0,69.60592
2017-06-11 23:00:00,1,70.0,63.71008
2017-06-12 00:00:00,1,59.0,63.04139
2017-06-12 01:00:00,1,46.0,49.69927
2017-06-12 02:00:00,1,38.0,40.641212
2017-06-12 03:00:00,1,40.0,35.856586
2017-06-12 04:00:00,1,33.0,35.49765
2017-06-12 05:00:00,1,33.0,33.92653
2017-06-12 06:00:00,1,40.0,38.34616
2017-06-12 07:00:00,1,49.999996,46.805786
2017-06-12 08:00:00,1,56.0,58.527626
2017-06-12 09:00:00,1,70.0,68.58737
2017-06-12 10:00:00,1,90.0,85.22728
2017-06-12 11:00:00,1,117.0,100.522194
2017-06-12 12:00:00,1,121.99999,108.923836
2017-06-12 13:00:00,1,106.0,107.60118
2017-06-12 14:00:00,1,115.99999,106.5485
2017-06-12 15:00:00,1,119.0,112.41811
2017-06-12 16:00:00,1,115.0,107.747055
2017-06-12 17:00:00,1,110.99999,104.27973
2017-06-12 18:00:00,1,113.99999,111.83863
2017-06-12 19:00:00,1,119.99999,113.85547
2017-06-12 20:00:00,1,106.99999,107.38446
2017-06-12 21:00:00,1,104.99999,99.94728
2017-06-12 22:00:00,1,93.99999,98.74197
2017-06-12 23:00:00,1,91.0,88.58826
2017-06-13 00:00:00,1,81.0,79.5028
2017-06-13 01:00:00,1,75.0,64.80796
2017-06-13 02:00:00,1,60.0,58.55193
2017-06-13 03:00:00,1,49.999996,49.430256
2017-06-13 04:00:00,1,44.0,41.67858
2017-06-13 05:00:00,1,39.0,40.79543
2017-06-13 06:00:00,1,49.999996,40.369274
2017-06-13 07:00:00,1,55.0,54.000233
2017-06-13 08:00:00,1,62.999996,62.30345
2017-06-13 09:00:00,1,70.0,72.81751
2017-06-13 10:00:00,1,93.0,92.660225
2017-06-13 11:00:00,1,115.0,106.87601
2017-06-13 12:00:00,1,117.0,106.820366
2017-06-13 13:00:00,1,102.0,103.68334
2017-06-13 14:00:00,1,115.99999,107.418365
2017-06-13 15:00:00,1,106.0,110.43171
2017-06-13 16:00:00,1,106.99999,106.26384
2017-06-13 17:00:00,1,104.99999,104.83949
2017-06-13 18:00:00,1,119.0,106.48995
2017-06-13 19:00:00,1,113.99999,110.90227
2017-06-13 20:00:00,1,110.0,100.74076
2017-06-13 21:00:00,1,97.99999,104.40247
2017-06-13 22:00:00,1,95.99999,96.82349
2017-06-13 23:00:00,1,90.0,91.866135
2017-06-14 00:00:00,1,84.0,83.18819
2017-06-14 01:00:00,1,73.0,69.771126
2017-06-14 02:00:00,1,55.0,59.870792
2017-06-14 03:00:00,1,49.000004,48.08634
2017-06-14 04:00:00,1,39.0,41.630703
2017-06-14 05:00:00,1,45.0,36.30173
2017-06-14 06:00:00,1,46.0,45.87522
2017-06-14 07:00:00,1,55.0,51.55946
2017-06-14 08:00:00,1,58.0,62.41791
2017-06-14 09:00:00,1,69.0,70.29463
2017-06-14 10:00:00,1,91.0,86.309975
2017-06-14 11:00:00,1,106.0,102.21329
2017-06-14 12:00:00,1,110.99999,103.66659
2017-06-14 13:00:00,1,95.0,97.87893
2017-06-14 14:00:00,1,108.99999,100.923485
2017-06-14 15:00:00,1,106.99999,103.263466
2017-06-14 16:00:00,1,102.0,101.895706
2017-06-14 17:00:00,1,102.0,101.46423
2017-06-14 18:00:00,1,113.99999,102.34715
2017-06-14 19:00:00,1,108.0,105.78656
2017-06-14 20:00:00,1,102.99999,103.06258
2017-06-14 21:00:00,1,97.99999,97.90308
2017-06-14 22:00:00,1,93.0,93.28651
2017-06-14 23:00:00,1,86.0,87.67197
2017-06-15 00:00:00,1,83.0,80.14443
2017-06-15 01:00:00,1,69.0,66.45637
2017-06-15 02:00:00,1,53.0,55.476574
2017-06-15 03:00:00,1,49.999996,45.957455
2017-06-15 04:00:00,1,44.0,40.883904
2017-06-15 05:00:00,1,43.0,40.1191
2017-06-15 06:00:00,1,47.000004,43.971165
2017-06-15 07:00:00,1,51.0,50.69833
2017-06-15 08:00:00,1,58.0,57.694397
2017-06-15 09:00:00,1,72.0,69.4372
2017-06-15 10:00:00,1,90.0,90.84986
2017-06-15 11:00:00,1,115.0,99.86307
2017-06-15 12:00:00,1,112.99999,107.30908
2017-06-15 13:00:00,1,97.99999,100.44976
2017-06-15 14:00:00,1,104.99999,103.62187
2017-06-15 15:00:00,1,102.0,102.44554
2017-06-15 16:00:00,1,95.0,96.59785
2017-06-15 17:00:00,1,97.99999,94.90006
2017-06-15 18:00:00,1,97.99999,100.77769
2017-06-15 19:00:00,1,104.0,99.07998
2017-06-15 20:00:00,1,102.99999,97.47032
2017-06-15 21:00:00,1,91.0,92.96118
2017-06-15 22:00:00,1,88.0,87.008766
2017-06-15 23:00:00,1,87.0,84.80545
2017-06-16 00:00:00,1,80.0,77.97942
2017-06-16 01:00:00,1,62.000004,64.52771
2017-06-16 02:00:00,1,56.0,53.92632
2017-06-16 03:00:00,1,47.000004,46.943718
2017-06-16 04:00:00,1,40.0,40.121662
2017-06-16 05:00:00,1,38.0,37.50202
2017-06-16 06:00:00,1,42.0,40.278755
2017-06-16 07:00:00,1,48.000004,47.243916
2017-06-16 08:00:00,1,52.0,54.55808
2017-06-16 09:00:00,1,68.0,64.647415
2017-06-16 10:00:00,1,89.0,83.258606
2017-06-16 11:00:00,1,102.0,98.68689
2017-06-16 12:00:00,1,99.99999,99.16584
2017-06-16 13:00:00,1,95.0,93.49427
2017-06-16 14:00:00,1,98.99999,96.12335
2017-06-16 15:00:00,1,98.99999,96.34133
2017-06-16 16:00:00,1,102.99999,91.816025
2017-06-16 17:00:00,1,91.99999,93.23694
2017-06-16 18:00:00,1,104.0,94.634384
2017-06-16 19:00:00,1,95.0,100.06035
2017-06-16 20:00:00,1,102.0,91.50369
2017-06-16 21:00:00,1,81.0,90.199585
2017-06-16 22:00:00,1,82.0,82.27667
2017-06-16 23:00:00,1,74.0,79.44592
2017-06-17 00:00:00,1,68.0,68.10772
2017-06-17 01:00:00,1,55.0,55.3745
2017-06-17 02:00:00,1,46.0,46.964355
2017-06-17 03:00:00,1,36.0,37.668053
2017-06-17 04:00:00,1,34.0,31.201021
2017-06-17 05:00:00,1,28.0,30.564968
2017-06-17 06:00:00,1,29.0,29.467144
2017-06-17 07:00:00,1,31.000002,33.134373
2017-06-17 08:00:00,1,40.0,38.705975
2017-06-17 09:00:00,1,45.0,48.417187
2017-06-17 10:00:00,1,54.0,57.95456
2017-06-17 11:00:00,1,55.0,64.22013
2017-06-17 12:00:00,1,56.0,61.327885
2017-06-17 13:00:00,1,55.0,56.90625
2017-06-17 14:00:00,1,54.0,54.471462
2017-06-17 15:00:00,1,61.000004,54.132908
2017-06-17 16:00:00,1,59.0,56.997643
2017-06-17 17:00:00,1,52.0,57.82649
2017-06-17 18:00:00,1,53.0,59.414967
2017-06-17 19:00:00,1,68.0,58.13865
2017-06-17 20:00:00,1,69.0,67.44084
2017-06-17 21:00:00,1,58.0,63.365444
2017-06-17 22:00:00,1,54.0,60.590466
2017-06-17 23:00:00,1,55.0,55.495224
2017-06-18 00:00:00,1,49.000004,51.873722
2017-06-18 01:00:00,1,41.0,41.186844
2017-06-18 02:00:00,1,37.0,35.40174
2017-06-18 03:00:00,1,34.0,31.217222
2017-06-18 04:00:00,1,28.0,28.876432
2017-06-18 05:00:00,1,26.0,26.413624
2017-06-18 06:00:00,1,24.000002,27.435682
2017-06-18 07:00:00,1,30.0,29.41799
2017-06-18 08:00:00,1,35.0,36.029015
2017-06-18 09:00:00,1,38.0,43.207123
2017-06-18 10:00:00,1,49.000004,46.899246
2017-06-18 11:00:00,1,49.000004,55.756214
2017-06-18 12:00:00,1,52.0,51.79948
2017-06-18 13:00:00,1,49.000004,51.71801
2017-06-18 14:00:00,1,47.000004,48.237026
2017-06-18 15:00:00,1,45.0,47.58793
2017-06-18 16:00:00,1,48.000004,48.477966
2017-06-18 17:00:00,1,52.0,49.11293
2017-06-18 18:00:00,1,49.999996,56.128555
2017-06-18 19:00:00,1,57.0,59.69722
2017-06-18 20:00:00,1,61.000004,60.252697
2017-06-18 21:00:00,1,56.0,59.735004
2017-06-18 22:00:00,1,60.0,56.302578
2017-06-18 23:00:00,1,59.0,56.573257
2017-06-19 00:00:00,1,48.000004,54.18376
2017-06-19 01:00:00,1,42.0,40.963562
2017-06-19 02:00:00,1,39.0,38.39338
2017-06-19 03:00:00,1,35.0,35.930233
2017-06-19 04:00:00,1,29.0,33.03457
2017-06-19 05:00:00,1,34.0,32.19559
2017-06-19 06:00:00,1,38.0,37.208004
2017-06-19 07:00:00,1,51.0,44.263035
2017-06-19 08:00:00,1,54.0,58.373398
2017-06-19 09:00:00,1,61.000004,66.33853
2017-06-19 10:00:00,1,95.99999,79.1131
2017-06-19 11:00:00,1,110.99999,106.60632
2017-06-19 12:00:00,1,112.99999,104.575485
2017-06-19 13:00:00,1,104.99999,100.79942
2017-06-19 14:00:00,1,115.0,106.3159
2017-06-19 15:00:00,1,110.99999,111.052986
2017-06-19 16:00:00,1,104.0,103.642265
2017-06-19 17:00:00,1,108.0,101.33697
2017-06-19 18:00:00,1,108.0,106.77005
2017-06-19 19:00:00,1,112.99999,105.80504
2017-06-19 20:00:00,1,106.99999,101.84413
2017-06-19 21:00:00,1,95.0,100.435585
2017-06-19 22:00:00,1,91.0,92.61703
2017-06-19 23:00:00,1,90.0,86.591576
2017-06-20 00:00:00,1,78.0,77.15528
2017-06-20 01:00:00,1,73.0,63.923283
2017-06-20 02:00:00,1,56.0,57.942596
2017-06-20 03:00:00,1,51.0,46.25223
2017-06-20 04:00:00,1,42.0,42.257114
2017-06-20 05:00:00,1,42.0,38.548325
2017-06-20 06:00:00,1,42.0,44.04163
2017-06-20 07:00:00,1,51.0,49.407852
2017-06-20 08:00:00,1,60.0,60.36156
2017-06-20 09:00:00,1,76.0,69.45161
2017-06-20 10:00:00,1,91.99999,96.1198
2017-06-20 11:00:00,1,102.0,105.55914
2017-06-20 12:00:00,1,112.99999,103.741974
2017-06-20 13:00:00,1,99.99999,100.913376
2017-06-20 14:00:00,1,106.99999,103.98836
2017-06-20 15:00:00,1,110.0,102.57311
2017-06-20 16:00:00,1,100.99999,101.71731
2017-06-20 17:00:00,1,108.0,101.77807
2017-06-20 18:00:00,1,113.99999,106.64663
2017-06-20 19:00:00,1,111.99999,107.86161
2017-06-20 20:00:00,1,108.0,103.72605
2017-06-20 21:00:00,1,106.0,98.954765
2017-06-20 22:00:00,1,100.99999,97.25012
2017-06-20 23:00:00,1,98.99999,91.91409
2017-06-21 00:00:00,1,84.0,85.68287
2017-06-21 01:00:00,1,71.0,71.80557
2017-06-21 02:00:00,1,62.000004,58.77344
2017-06-21 03:00:00,1,52.0,50.263805
2017-06-21 04:00:00,1,43.0,41.781204
2017-06-21 05:00:00,1,41.0,39.177597
2017-06-21 06:00:00,1,44.0,41.398663
2017-06-21 07:00:00,1,54.0,49.41749
2017-06-21 08:00:00,1,60.0,59.510128
2017-06-21 09:00:00,1,70.0,72.22652
2017-06-21 10:00:00,1,95.99999,89.07245
2017-06-21 11:00:00,1,102.99999,103.1854
2017-06-21 12:00:00,1,110.0,103.60771
2017-06-21 13:00:00,1,97.0,98.969795
2017-06-21 14:00:00,1,106.0,100.52411
2017-06-21 15:00:00,1,102.0,103.38532
2017-06-21 16:00:00,1,99.99999,95.74214
2017-06-21 17:00:00,1,102.0,97.77883
2017-06-21 18:00:00,1,104.99999,103.25475
2017-06-21 19:00:00,1,108.99999,102.59533
2017-06-21 20:00:00,1,106.0,99.16462
2017-06-21 21:00:00,1,97.0,98.24154
2017-06-21 22:00:00,1,93.99999,92.82531
2017-06-21 23:00:00,1,88.0,88.4535
2017-06-22 00:00:00,1,76.0,80.594955
2017-06-22 01:00:00,1,66.0,65.350136
2017-06-22 02:00:00,1,54.0,55.235386
2017-06-22 03:00:00,1,46.0,45.61859
2017-06-22 04:00:00,1,41.0,38.687176
2017-06-22 05:00:00,1,38.0,38.29763
2017-06-22 06:00:00,1,44.0,39.632908
2017-06-22 07:00:00,1,49.999996,48.04485
2017-06-22 08:00:00,1,58.0,57.70682
2017-06-22 09:00:00,1,71.0,69.30288
2017-06-22 10:00:00,1,106.99999,88.32763
2017-06-22 11:00:00,1,115.0,109.26394
2017-06-22 12:00:00,1,119.0,107.78169
2017-06-22 13:00:00,1,104.0,103.26428
2017-06-22 14:00:00,1,119.0,106.85113
2017-06-22 15:00:00,1,110.99999,111.38811
2017-06-22 16:00:00,1,102.99999,98.27328
2017-06-22 17:00:00,1,102.0,105.12703
2017-06-22 18:00:00,1,110.99999,104.55286
2017-06-22 19:00:00,1,111.99999,107.09066
2017-06-22 20:00:00,1,110.0,103.73751
2017-06-22 21:00:00,1,97.0,99.64682
2017-06-22 22:00:00,1,91.0,93.32284
2017-06-22 23:00:00,1,84.0,88.273964
2017-06-23 00:00:00,1,78.0,77.29202
2017-06-23 01:00:00,1,69.0,63.306286
2017-06-23 02:00:00,1,58.0,56.24914
2017-06-23 03:00:00,1,49.999996,46.22119
2017-06-23 04:00:00,1,37.0,41.445175
2017-06-23 05:00:00,1,38.0,36.304104
2017-06-23 06:00:00,1,41.0,39.597607
2017-06-23 07:00:00,1,47.000004,46.406616
2017-06-23 08:00:00,1,61.000004,53.6935
2017-06-23 09:00:00,1,71.0,70.782875
2017-06-23 10:00:00,1,87.0,89.85748
2017-06-23 11:00:00,1,91.99999,98.33663
2017-06-23 12:00:00,1,95.99999,94.54927
2017-06-23 13:00:00,1,87.0,90.82328
2017-06-23 14:00:00,1,95.0,91.81117
2017-06-23 15:00:00,1,91.99999,91.449554
2017-06-23 16:00:00,1,82.0,89.835945
2017-06-23 17:00:00,1,85.0,85.176346
2017-06-23 18:00:00,1,88.0,88.9637
2017-06-23 19:00:00,1,93.99999,87.29561
2017-06-23 20:00:00,1,90.0,88.063
2017-06-23 21:00:00,1,81.0,82.345184
2017-06-23 22:00:00,1,75.0,79.18474
2017-06-23 23:00:00,1,75.0,74.225136
2017-06-24 00:00:00,1,66.0,67.18514
2017-06-24 01:00:00,1,54.0,54.495995
2017-06-24 02:00:00,1,47.000004,46.466972
2017-06-24 03:00:00,1,42.0,38.67512
2017-06-24 04:00:00,1,33.0,32.982983
2017-06-24 05:00:00,1,29.0,29.999329
2017-06-24 06:00:00,1,34.0,30.20409
2017-06-24 07:00:00,1,36.0,36.45313
2017-06-24 08:00:00,1,38.0,41.99489
2017-06-24 09:00:00,1,44.0,48.600506
2017-06-24 10:00:00,1,51.0,56.31975
2017-06-24 11:00:00,1,55.0,59.5278
2017-06-24 12:00:00,1,55.0,59.07662
2017-06-24 13:00:00,1,53.0,56.088375
2017-06-24 14:00:00,1,55.0,55.552708
2017-06-24 15:00:00,1,56.0,54.150467
2017-06-24 16:00:00,1,58.0,53.71319
2017-06-24 17:00:00,1,56.0,56.191364
2017-06-24 18:00:00,1,58.0,58.611656
2017-06-24 19:00:00,1,65.0,63.220425
2017-06-24 20:00:00,1,64.0,65.23493
2017-06-24 21:00:00,1,66.0,62.192364
2017-06-24 22:00:00,1,64.0,62.115055
2017-06-24 23:00:00,1,62.999996,60.371723
2017-06-25 00:00:00,1,57.0,55.36752
2017-06-25 01:00:00,1,44.0,45.503902
2017-06-25 02:00:00,1,35.0,39.37933
2017-06-25 03:00:00,1,33.0,33.084805
2017-06-25 04:00:00,1,28.0,29.239004
2017-06-25 05:00:00,1,25.000002,27.553236
2017-06-25 06:00:00,1,27.0,27.289225
2017-06-25 07:00:00,1,32.0,30.527277
2017-06-25 08:00:00,1,37.0,38.10843
2017-06-25 09:00:00,1,44.0,42.386932
2017-06-25 10:00:00,1,52.0,50.778393
2017-06-25 11:00:00,1,56.0,56.61277
2017-06-25 12:00:00,1,58.0,56.32062
2017-06-25 13:00:00,1,60.0,54.763714
2017-06-25 14:00:00,1,55.0,54.513252
2017-06-25 15:00:00,1,54.0,53.81181
2017-06-25 16:00:00,1,57.0,55.006485
2017-06-25 17:00:00,1,56.0,57.634335
2017-06-25 18:00:00,1,59.0,57.548126
2017-06-25 19:00:00,1,66.0,62.68772
2017-06-25 20:00:00,1,64.0,65.25931
2017-06-25 21:00:00,1,61.000004,63.201805
2017-06-25 22:00:00,1,64.0,60.53753
2017-06-25 23:00:00,1,60.0,60.1206
2017-06-26 00:00:00,1,59.0,55.728134
2017-06-26 01:00:00,1,51.0,47.689785
2017-06-26 02:00:00,1,42.0,43.761818
2017-06-26 03:00:00,1,40.0,37.54166
2017-06-26 04:00:00,1,34.0,37.523144
2017-06-26 05:00:00,1,33.0,35.631115
2017-06-26 06:00:00,1,41.0,37.95137
2017-06-26 07:00:00,1,48.000004,47.999435
2017-06-26 08:00:00,1,55.0,56.870502
2017-06-26 09:00:00,1,64.0,66.182686
2017-06-26 10:00:00,1,73.0,85.07095
2017-06-26 11:00:00,1,81.0,90.29318
2017-06-26 12:00:00,1,91.0,87.430954
2017-06-26 13:00:00,1,84.0,88.69894
2017-06-26 14:00:00,1,87.0,86.19789
2017-06-26 15:00:00,1,86.0,86.84573
2017-06-26 16:00:00,1,88.0,84.84039
2017-06-26 17:00:00,1,93.0,88.703636
2017-06-26 18:00:00,1,106.99999,92.50261
2017-06-26 19:00:00,1,110.99999,101.21535
2017-06-26 20:00:00,1,106.99999,100.80125
2017-06-26 21:00:00,1,102.99999,97.48702
2017-06-26 22:00:00,1,98.99999,97.19907
2017-06-26 23:00:00,1,97.0,91.85507
2017-06-27 00:00:00,1,91.99999,84.230286
2017-06-27 01:00:00,1,75.0,72.216606
2017-06-27 02:00:00,1,69.0,60.848698
2017-06-27 03:00:00,1,51.0,55.08973
2017-06-27 04:00:00,1,43.0,43.087135
2017-06-27 05:00:00,1,41.0,39.18018
2017-06-27 06:00:00,1,46.0,41.623882
2017-06-27 07:00:00,1,52.0,50.699703
2017-06-27 08:00:00,1,62.000004,60.81733
2017-06-27 09:00:00,1,72.0,74.62724
2017-06-27 10:00:00,1,93.0,88.14716
2017-06-27 11:00:00,1,128.0,101.20334
2017-06-27 12:00:00,1,121.0,117.89119
2017-06-27 13:00:00,1,106.99999,106.40231
2017-06-27 14:00:00,1,119.0,108.12607
2017-06-27 15:00:00,1,113.99999,113.82257
2017-06-27 16:00:00,1,111.99999,107.28211
2017-06-27 17:00:00,1,115.99999,107.38703
2017-06-27 18:00:00,1,121.99999,113.01517
2017-06-27 19:00:00,1,123.99999,113.347374
2017-06-27 20:00:00,1,121.0,110.69735
2017-06-27 21:00:00,1,110.99999,110.29062
2017-06-27 22:00:00,1,97.99999,104.73886
2017-06-27 23:00:00,1,97.99999,95.264145
2017-06-28 00:00:00,1,89.0,85.75772
2017-06-28 01:00:00,1,70.0,71.58144
2017-06-28 02:00:00,1,62.999996,59.301723
2017-06-28 03:00:00,1,55.0,50.825066
2017-06-28 04:00:00,1,44.0,43.345028
2017-06-28 05:00:00,1,40.0,39.46897
2017-06-28 06:00:00,1,45.0,40.3418
2017-06-28 07:00:00,1,54.0,48.67231
2017-06-28 08:00:00,1,59.0,59.21464
2017-06-28 09:00:00,1,70.0,69.16202
2017-06-28 10:00:00,1,88.0,89.65485
2017-06-28 11:00:00,1,108.0,102.088806
2017-06-28 12:00:00,1,112.99999,103.57771
2017-06-28 13:00:00,1,102.99999,100.22931
2017-06-28 14:00:00,1,113.99999,105.9912
2017-06-28 15:00:00,1,115.0,105.86812
2017-06-28 16:00:00,1,102.0,103.57165
2017-06-28 17:00:00,1,104.99999,102.56828
2017-06-28 18:00:00,1,112.99999,104.859535
2017-06-28 19:00:00,1,123.99999,106.82521
2017-06-28 20:00:00,1,111.99999,106.25675
2017-06-28 21:00:00,1,102.0,100.207886
2017-06-28 22:00:00,1,95.99999,96.60677
2017-06-28 23:00:00,1,95.99999,91.73447
2017-06-29 00:00:00,1,86.0,83.396126
2017-06-29 01:00:00,1,76.0,69.42663
2017-06-29 02:00:00,1,62.999996,61.616848
2017-06-29 03:00:00,1,48.000004,50.720528
2017-06-29 04:00:00,1,45.0,40.790436
2017-06-29 05:00:00,1,40.0,38.85142
2017-06-29 06:00:00,1,49.000004,40.10917
2017-06-29 07:00:00,1,49.999996,51.82725
2017-06-29 08:00:00,1,55.0,56.2761
2017-06-29 09:00:00,1,68.0,66.70493
2017-06-29 10:00:00,1,104.0,88.46464
2017-06-29 11:00:00,1,111.99999,108.51488
2017-06-29 12:00:00,1,117.0,105.90258
2017-06-29 13:00:00,1,102.99999,103.077644
2017-06-29 14:00:00,1,111.99999,107.05611
2017-06-29 15:00:00,1,112.99999,104.849724
2017-06-29 16:00:00,1,106.99999,101.06571
2017-06-29 17:00:00,1,110.99999,100.10489
2017-06-29 18:00:00,1,111.99999,105.43087
2017-06-29 19:00:00,1,112.99999,106.79809
2017-06-29 20:00:00,1,110.0,101.89761
2017-06-29 21:00:00,1,100.99999,99.06956
2017-06-29 22:00:00,1,95.99999,94.19143
2017-06-29 23:00:00,1,95.0,88.60707
2017-06-30 00:00:00,1,86.0,82.40827
2017-06-30 01:00:00,1,67.0,68.65677
2017-06-30 02:00:00,1,60.0,57.56823
2017-06-30 03:00:00,1,49.000004,49.11258
2017-06-30 04:00:00,1,43.0,39.098312
2017-06-30 05:00:00,1,41.0,38.13466
2017-06-30 06:00:00,1,44.0,41.829597
2017-06-30 07:00:00,1,53.0,47.10835
2017-06-30 08:00:00,1,57.0,57.553932
2017-06-30 09:00:00,1,68.0,67.44945
2017-06-30 10:00:00,1,88.0,86.76356
2017-06-30 11:00:00,1,100.99999,95.34453
2017-06-30 12:00:00,1,98.99999,98.70682
2017-06-30 13:00:00,1,89.0,92.39968
2017-06-30 14:00:00,1,104.0,95.08445
2017-06-30 15:00:00,1,100.99999,95.35503
2017-06-30 16:00:00,1,95.0,90.27211
2017-06-30 17:00:00,1,90.0,93.67994
2017-06-30 18:00:00,1,95.0,93.09204
2017-06-30 19:00:00,1,104.99999,93.6936
2017-06-30 20:00:00,1,95.99999,94.058464
2017-06-30 21:00:00,1,90.0,87.21711
2017-06-30 22:00:00,1,84.0,83.86474
2017-06-30 23:00:00,1,78.0,80.9425
2017-06-04 21:00:00,2,18.0,17.636724
2017-06-04 22:00:00,2,18.0,17.592373
2017-06-04 23:00:00,2,18.0,17.228212
2017-06-05 00:00:00,2,22.0,17.045681
2017-06-05 01:00:00,2,22.0,15.937927
2017-06-05 02:00:00,2,16.0,14.615529
2017-06-05 03:00:00,2,14.0,13.492326
2017-06-05 04:00:00,2,16.0,12.828504
2017-06-05 05:00:00,2,13.000001,13.989778
2017-06-05 06:00:00,2,12.000001,13.626475
2017-06-05 07:00:00,2,16.0,15.988752
2017-06-05 08:00:00,2,21.0,18.356783
2017-06-05 09:00:00,2,20.0,21.555765
2017-06-05 10:00:00,2,23.0,25.107931
2017-06-05 11:00:00,2,33.0,28.564722
2017-06-05 12:00:00,2,30.0,30.89415
2017-06-05 13:00:00,2,29.0,30.878967
2017-06-05 14:00:00,2,32.0,31.249884
2017-06-05 15:00:00,2,36.0,32.90372
2017-06-05 16:00:00,2,36.0,33.259853
2017-06-05 17:00:00,2,30.0,32.953983
2017-06-05 18:00:00,2,29.0,32.79098
2017-06-05 19:00:00,2,36.0,31.79463
2017-06-05 20:00:00,2,33.0,31.37115
2017-06-05 21:00:00,2,34.0,29.743523
2017-06-05 22:00:00,2,31.000002,29.258625
2017-06-05 23:00:00,2,36.0,27.454765
2017-06-06 00:00:00,2,36.0,28.21618
2017-06-06 01:00:00,2,28.0,25.669931
2017-06-06 02:00:00,2,24.000002,22.073887
2017-06-06 03:00:00,2,20.0,19.00878
2017-06-06 04:00:00,2,15.0,17.15899
2017-06-06 05:00:00,2,18.0,15.227274
2017-06-06 06:00:00,2,17.0,15.727957
2017-06-06 07:00:00,2,22.0,17.705645
2017-06-06 08:00:00,2,20.0,21.166975
2017-06-06 09:00:00,2,17.0,23.31825
2017-06-06 10:00:00,2,27.0,24.232004
2017-06-06 11:00:00,2,31.000002,30.52027
2017-06-06 12:00:00,2,35.0,32.579308
2017-06-06 13:00:00,2,35.0,32.637012
2017-06-06 14:00:00,2,39.0,36.01236
2017-06-06 15:00:00,2,37.0,38.48631
2017-06-06 16:00:00,2,40.0,37.529182
2017-06-06 17:00:00,2,35.0,36.967197
2017-06-06 18:00:00,2,41.0,37.965725
2017-06-06 19:00:00,2,41.0,40.97578
2017-06-06 20:00:00,2,39.0,40.890923
2017-06-06 21:00:00,2,36.0,38.701653
2017-06-06 22:00:00,2,33.0,35.465626
2017-06-06 23:00:00,2,41.0,33.380543
2017-06-07 00:00:00,2,38.0,33.38514
2017-06-07 01:00:00,2,26.0,29.197985
2017-06-07 02:00:00,2,22.0,24.981066
2017-06-07 03:00:00,2,22.0,20.45717
2017-06-07 04:00:00,2,15.0,17.243399
2017-06-07 05:00:00,2,17.0,15.081948
2017-06-07 06:00:00,2,16.0,15.900628
2017-06-07 07:00:00,2,19.0,17.750366
2017-06-07 08:00:00,2,23.0,19.680054
2017-06-07 09:00:00,2,26.0,21.895584
2017-06-07 10:00:00,2,27.0,27.783054
2017-06-07 11:00:00,2,30.0,31.458363
2017-06-07 12:00:00,2,39.0,33.462536
2017-06-07 13:00:00,2,38.0,34.857098
2017-06-07 14:00:00,2,42.0,38.078064
2017-06-07 15:00:00,2,39.0,39.952843
2017-06-07 16:00:00,2,38.0,39.951096
2017-06-07 17:00:00,2,39.0,38.505215
2017-06-07 18:00:00,2,39.0,40.23198
2017-06-07 19:00:00,2,39.0,39.612007
2017-06-07 20:00:00,2,42.0,38.72646
2017-06-07 21:00:00,2,39.0,37.43922
2017-06-07 22:00:00,2,34.0,35.32434
2017-06-07 23:00:00,2,34.0,33.70239
2017-06-08 00:00:00,2,37.0,31.705763
2017-06-08 01:00:00,2,31.000002,28.090132
2017-06-08 02:00:00,2,26.0,24.794024
2017-06-08 03:00:00,2,22.0,21.416943
2017-06-08 04:00:00,2,15.0,17.772314
2017-06-08 05:00:00,2,20.0,15.454686
2017-06-08 06:00:00,2,17.0,16.602654
2017-06-08 07:00:00,2,19.0,16.962425
2017-06-08 08:00:00,2,22.0,19.78251
2017-06-08 09:00:00,2,19.0,23.241617
2017-06-08 10:00:00,2,28.0,24.53238
2017-06-08 11:00:00,2,31.000002,31.356155
2017-06-08 12:00:00,2,38.0,33.625393
2017-06-08 13:00:00,2,31.000002,34.581852
2017-06-08 14:00:00,2,43.0,36.01218
2017-06-08 15:00:00,2,36.0,38.278023
2017-06-08 16:00:00,2,36.0,38.05493
2017-06-08 17:00:00,2,32.0,36.838036
2017-06-08 18:00:00,2,36.0,35.975983
2017-06-08 19:00:00,2,43.0,36.62595
2017-06-08 20:00:00,2,40.0,37.352234
2017-06-08 21:00:00,2,33.0,36.71617
2017-06-08 22:00:00,2,32.0,33.10066
2017-06-08 23:00:00,2,36.0,31.41199
2017-06-09 00:00:00,2,33.0,30.687332
2017-06-09 01:00:00,2,25.000002,27.143562
2017-06-09 02:00:00,2,26.0,22.643076
2017-06-09 03:00:00,2,20.0,19.778725
2017-06-09 04:00:00,2,18.0,16.29223
2017-06-09 05:00:00,2,18.0,15.721216
2017-06-09 06:00:00,2,20.0,15.89904
2017-06-09 07:00:00,2,20.0,18.044382
2017-06-09 08:00:00,2,21.0,20.953197
2017-06-09 09:00:00,2,22.0,20.97294
2017-06-09 10:00:00,2,24.000002,26.070381
2017-06-09 11:00:00,2,30.0,27.193943
2017-06-09 12:00:00,2,33.0,30.582655
2017-06-09 13:00:00,2,32.0,30.605211
2017-06-09 14:00:00,2,33.0,33.69052
2017-06-09 15:00:00,2,33.0,33.330227
2017-06-09 16:00:00,2,32.0,33.549007
2017-06-09 17:00:00,2,31.000002,31.702644
2017-06-09 18:00:00,2,37.0,32.266262
2017-06-09 19:00:00,2,36.0,34.2293
2017-06-09 20:00:00,2,31.000002,34.22747
2017-06-09 21:00:00,2,32.0,31.453997
2017-06-09 22:00:00,2,30.0,29.826155
2017-06-09 23:00:00,2,25.000002,28.016073
2017-06-10 00:00:00,2,27.0,25.727297
2017-06-10 01:00:00,2,26.0,22.614086
2017-06-10 02:00:00,2,21.0,20.033022
2017-06-10 03:00:00,2,16.0,16.587542
2017-06-10 04:00:00,2,13.000001,13.107757
2017-06-10 05:00:00,2,15.0,12.062018
2017-06-10 06:00:00,2,13.000001,11.865734
2017-06-10 07:00:00,2,8.999999,12.721301
2017-06-10 08:00:00,2,11.0,12.959425
2017-06-10 09:00:00,2,13.000001,13.890603
2017-06-10 10:00:00,2,17.0,15.230629
2017-06-10 11:00:00,2,19.0,17.4727
2017-06-10 12:00:00,2,21.0,18.502203
2017-06-10 13:00:00,2,19.0,18.919718
2017-06-10 14:00:00,2,14.0,18.357704
2017-06-10 15:00:00,2,15.0,17.243967
2017-06-10 16:00:00,2,19.0,16.584679
2017-06-10 17:00:00,2,17.0,17.406881
2017-06-10 18:00:00,2,16.0,18.289202
2017-06-10 19:00:00,2,21.0,18.611847
2017-06-10 20:00:00,2,16.0,19.25109
2017-06-10 21:00:00,2,15.0,18.715496
2017-06-10 22:00:00,2,20.0,17.522488
2017-06-10 23:00:00,2,17.0,17.404198
2017-06-11 00:00:00,2,19.0,17.056248
2017-06-11 01:00:00,2,16.0,15.794077
2017-06-11 02:00:00,2,12.000001,13.357883
2017-06-11 03:00:00,2,14.0,11.287524
2017-06-11 04:00:00,2,14.0,10.538902
2017-06-11 05:00:00,2,13.000001,10.194
2017-06-11 06:00:00,2,11.0,10.205575
2017-06-11 07:00:00,2,13.000001,10.882284
2017-06-11 08:00:00,2,14.0,11.866195
2017-06-11 09:00:00,2,11.0,13.185007
2017-06-11 10:00:00,2,11.0,14.727476
2017-06-11 11:00:00,2,17.0,15.557991
2017-06-11 12:00:00,2,14.0,16.331072
2017-06-11 13:00:00,2,16.0,15.964675
2017-06-11 14:00:00,2,16.0,15.276587
2017-06-11 15:00:00,2,17.0,15.25049
2017-06-11 16:00:00,2,17.0,16.255388
2017-06-11 17:00:00,2,19.0,16.170206
2017-06-11 18:00:00,2,21.0,16.79466
2017-06-11 19:00:00,2,25.000002,20.184492
2017-06-11 20:00:00,2,17.0,19.436775
2017-06-11 21:00:00,2,20.0,18.353111
2017-06-11 22:00:00,2,23.0,18.435047
2017-06-11 23:00:00,2,17.0,17.782862
2017-06-12 00:00:00,2,18.0,18.479498
2017-06-12 01:00:00,2,16.0,16.014011
2017-06-12 02:00:00,2,15.0,12.989798
2017-06-12 03:00:00,2,15.0,12.321648
2017-06-12 04:00:00,2,12.000001,13.073083
2017-06-12 05:00:00,2,15.0,12.688071
2017-06-12 06:00:00,2,15.0,14.285841
2017-06-12 07:00:00,2,15.0,17.076038
2017-06-12 08:00:00,2,18.0,19.17342
2017-06-12 09:00:00,2,24.000002,20.971985
2017-06-12 10:00:00,2,30.0,24.910852
2017-06-12 11:00:00,2,35.0,31.050259
2017-06-12 12:00:00,2,31.000002,33.303917
2017-06-12 13:00:00,2,32.0,33.42237
2017-06-12 14:00:00,2,40.0,34.36855
2017-06-12 15:00:00,2,47.000004,37.440125
2017-06-12 16:00:00,2,40.0,39.702732
2017-06-12 17:00:00,2,38.0,37.301537
2017-06-12 18:00:00,2,40.0,37.89174
2017-06-12 19:00:00,2,42.0,39.66618
2017-06-12 20:00:00,2,37.0,37.627426
2017-06-12 21:00:00,2,40.0,35.320557
2017-06-12 22:00:00,2,40.0,34.965416
2017-06-12 23:00:00,2,35.0,33.061314
2017-06-13 00:00:00,2,35.0,31.273643
2017-06-13 01:00:00,2,28.0,27.159885
2017-06-13 02:00:00,2,24.000002,23.357605
2017-06-13 03:00:00,2,21.0,20.094767
2017-06-13 04:00:00,2,20.0,16.887342
2017-06-13 05:00:00,2,16.0,17.282991
2017-06-13 06:00:00,2,17.0,16.552124
2017-06-13 07:00:00,2,21.0,18.51222
2017-06-13 08:00:00,2,20.0,20.932415
2017-06-13 09:00:00,2,20.0,22.463776
2017-06-13 10:00:00,2,32.0,27.19495
2017-06-13 11:00:00,2,36.0,34.16731
2017-06-13 12:00:00,2,45.0,35.66455
2017-06-13 13:00:00,2,34.0,38.59999
2017-06-13 14:00:00,2,42.0,40.39866
2017-06-13 15:00:00,2,38.0,42.51918
2017-06-13 16:00:00,2,42.0,41.813553
2017-06-13 17:00:00,2,47.000004,40.662746
2017-06-13 18:00:00,2,41.0,43.083817
2017-06-13 19:00:00,2,48.000004,44.73976
2017-06-13 20:00:00,2,48.000004,42.260387
2017-06-13 21:00:00,2,41.0,42.657467
2017-06-13 22:00:00,2,38.0,40.127266
2017-06-13 23:00:00,2,33.0,37.953938
2017-06-14 00:00:00,2,36.0,35.250835
2017-06-14 01:00:00,2,32.0,29.939344
2017-06-14 02:00:00,2,25.000002,26.08272
2017-06-14 03:00:00,2,25.000002,22.22125
2017-06-14 04:00:00,2,17.0,19.61191
2017-06-14 05:00:00,2,15.0,16.838516
2017-06-14 06:00:00,2,14.0,16.76469
2017-06-14 07:00:00,2,20.0,17.670048
2017-06-14 08:00:00,2,21.0,20.117609
2017-06-14 09:00:00,2,25.000002,22.38764
2017-06-14 10:00:00,2,29.0,27.151564
2017-06-14 11:00:00,2,33.0,31.705093
2017-06-14 12:00:00,2,41.0,36.11271
2017-06-14 13:00:00,2,39.0,36.878563
2017-06-14 14:00:00,2,41.0,39.429306
2017-06-14 15:00:00,2,44.0,40.34451
2017-06-14 16:00:00,2,37.0,41.33985
2017-06-14 17:00:00,2,38.0,40.968754
2017-06-14 18:00:00,2,39.0,40.236027
2017-06-14 19:00:00,2,44.0,41.166286
2017-06-14 20:00:00,2,39.0,42.803593
2017-06-14 21:00:00,2,37.0,40.330048
2017-06-14 22:00:00,2,34.0,37.636986
2017-06-14 23:00:00,2,34.0,34.362373
2017-06-15 00:00:00,2,35.0,33.136322
2017-06-15 01:00:00,2,29.0,29.10928
2017-06-15 02:00:00,2,27.0,24.962452
2017-06-15 03:00:00,2,20.0,21.665678
2017-06-15 04:00:00,2,17.0,17.599916
2017-06-15 05:00:00,2,19.0,16.456717
2017-06-15 06:00:00,2,13.000001,16.690302
2017-06-15 07:00:00,2,15.0,16.983875
2017-06-15 08:00:00,2,21.0,18.557995
2017-06-15 09:00:00,2,25.000002,21.605518
2017-06-15 10:00:00,2,29.0,28.737114
2017-06-15 11:00:00,2,28.0,31.197878
2017-06-15 12:00:00,2,35.0,33.959778
2017-06-15 13:00:00,2,33.0,34.76126
2017-06-15 14:00:00,2,40.0,36.753807
2017-06-15 15:00:00,2,41.0,38.408596
2017-06-15 16:00:00,2,38.0,37.734974
2017-06-15 17:00:00,2,33.0,36.989155
2017-06-15 18:00:00,2,35.0,37.251972
2017-06-15 19:00:00,2,38.0,38.23289
2017-06-15 20:00:00,2,39.0,37.3177
2017-06-15 21:00:00,2,36.0,35.76798
2017-06-15 22:00:00,2,30.0,33.78192
2017-06-15 23:00:00,2,35.0,31.647512
2017-06-16 00:00:00,2,31.000002,30.91613
2017-06-16 01:00:00,2,25.000002,26.34486
2017-06-16 02:00:00,2,29.0,22.55851
2017-06-16 03:00:00,2,20.0,20.237104
2017-06-16 04:00:00,2,17.0,17.020676
2017-06-16 05:00:00,2,14.0,15.948591
2017-06-16 06:00:00,2,15.0,14.992578
2017-06-16 07:00:00,2,18.0,16.082394
2017-06-16 08:00:00,2,16.0,18.466284
2017-06-16 09:00:00,2,22.0,20.374863
2017-06-16 10:00:00,2,28.0,24.586164
2017-06-16 11:00:00,2,35.0,28.276318
2017-06-16 12:00:00,2,39.0,32.70635
2017-06-16 13:00:00,2,30.0,34.448574
2017-06-16 14:00:00,2,37.0,34.966343
2017-06-16 15:00:00,2,41.0,35.747593
2017-06-16 16:00:00,2,34.0,35.680355
2017-06-16 17:00:00,2,35.0,34.359234
2017-06-16 18:00:00,2,36.0,34.967857
2017-06-16 19:00:00,2,32.0,35.94483
2017-06-16 20:00:00,2,36.0,33.39126
2017-06-16 21:00:00,2,33.0,32.59384
2017-06-16 22:00:00,2,29.0,30.423433
2017-06-16 23:00:00,2,30.0,28.281399
2017-06-17 00:00:00,2,30.0,26.961044
2017-06-17 01:00:00,2,23.0,23.626604
2017-06-17 02:00:00,2,22.0,20.603128
2017-06-17 03:00:00,2,13.000001,16.956202
2017-06-17 04:00:00,2,14.0,13.19865
2017-06-17 05:00:00,2,15.0,12.133747
2017-06-17 06:00:00,2,13.000001,11.94757
2017-06-17 07:00:00,2,14.0,12.090268
2017-06-17 08:00:00,2,12.000001,13.234974
2017-06-17 09:00:00,2,15.0,14.503163
2017-06-17 10:00:00,2,14.0,17.130459
2017-06-17 11:00:00,2,19.0,18.332417
2017-06-17 12:00:00,2,14.0,19.960676
2017-06-17 13:00:00,2,15.0,18.395224
2017-06-17 14:00:00,2,16.0,17.597017
2017-06-17 15:00:00,2,14.0,18.023823
2017-06-17 16:00:00,2,18.0,17.409771
2017-06-17 17:00:00,2,20.0,17.821571
2017-06-17 18:00:00,2,20.0,19.11414
2017-06-17 19:00:00,2,20.0,19.319242
2017-06-17 20:00:00,2,19.0,20.248152
2017-06-17 21:00:00,2,17.0,19.211235
2017-06-17 22:00:00,2,20.0,18.217316
2017-06-17 23:00:00,2,17.0,17.27709
2017-06-18 00:00:00,2,21.0,17.38163
2017-06-18 01:00:00,2,14.0,15.800977
2017-06-18 02:00:00,2,16.0,13.154645
2017-06-18 03:00:00,2,13.000001,11.42081
2017-06-18 04:00:00,2,12.000001,10.314118
2017-06-18 05:00:00,2,13.000001,9.820872
2017-06-18 06:00:00,2,10.0,10.416373
2017-06-18 07:00:00,2,8.999999,11.368303
2017-06-18 08:00:00,2,15.0,11.706202
2017-06-18 09:00:00,2,10.0,14.19976
2017-06-18 10:00:00,2,12.000001,13.660105
2017-06-18 11:00:00,2,17.0,15.829701
2017-06-18 12:00:00,2,18.0,15.3174515
2017-06-18 13:00:00,2,15.0,16.144657
2017-06-18 14:00:00,2,16.0,15.917153
2017-06-18 15:00:00,2,15.0,15.377975
2017-06-18 16:00:00,2,18.0,15.528092
2017-06-18 17:00:00,2,15.0,16.405128
2017-06-18 18:00:00,2,19.0,16.721659
2017-06-18 19:00:00,2,19.0,18.568983
2017-06-18 20:00:00,2,17.0,17.913351
2017-06-18 21:00:00,2,18.0,17.413397
2017-06-18 22:00:00,2,22.0,16.985043
2017-06-18 23:00:00,2,19.0,16.706144
2017-06-19 00:00:00,2,16.0,18.034887
2017-06-19 01:00:00,2,18.0,14.722765
2017-06-19 02:00:00,2,15.0,14.02186
2017-06-19 03:00:00,2,11.0,12.871046
2017-06-19 04:00:00,2,15.0,11.884038
2017-06-19 05:00:00,2,13.000001,13.615375
2017-06-19 06:00:00,2,14.0,14.72852
2017-06-19 07:00:00,2,15.0,16.289032
2017-06-19 08:00:00,2,22.0,18.947792
2017-06-19 09:00:00,2,18.0,22.602629
2017-06-19 10:00:00,2,27.0,24.391165
2017-06-19 11:00:00,2,34.0,31.595331
2017-06-19 12:00:00,2,38.0,33.39992
2017-06-19 13:00:00,2,35.0,34.569683
2017-06-19 14:00:00,2,37.0,36.94328
2017-06-19 15:00:00,2,41.0,38.683266
2017-06-19 16:00:00,2,37.0,38.178375
2017-06-19 17:00:00,2,40.0,36.32177
2017-06-19 18:00:00,2,41.0,38.461372
2017-06-19 19:00:00,2,43.0,38.897507
2017-06-19 20:00:00,2,41.0,37.462498
2017-06-19 21:00:00,2,40.0,37.36419
2017-06-19 22:00:00,2,40.0,36.190746
2017-06-19 23:00:00,2,37.0,34.370487
2017-06-20 00:00:00,2,35.0,32.009155
2017-06-20 01:00:00,2,35.0,27.998192
2017-06-20 02:00:00,2,30.0,25.522667
2017-06-20 03:00:00,2,20.0,21.896086
2017-06-20 04:00:00,2,20.0,18.825104
2017-06-20 05:00:00,2,14.0,17.544916
2017-06-20 06:00:00,2,17.0,16.5812
2017-06-20 07:00:00,2,16.0,18.187449
2017-06-20 08:00:00,2,20.0,20.369734
2017-06-20 09:00:00,2,21.0,21.943924
2017-06-20 10:00:00,2,31.000002,27.632784
2017-06-20 11:00:00,2,32.0,34.42311
2017-06-20 12:00:00,2,37.0,37.001198
2017-06-20 13:00:00,2,37.0,37.146782
2017-06-20 14:00:00,2,39.0,39.316807
2017-06-20 15:00:00,2,38.0,40.25578
2017-06-20 16:00:00,2,37.0,39.610237
2017-06-20 17:00:00,2,40.0,40.25028
2017-06-20 18:00:00,2,40.0,39.75546
2017-06-20 19:00:00,2,47.000004,41.40703
2017-06-20 20:00:00,2,41.0,42.74718
2017-06-20 21:00:00,2,41.0,40.71418
2017-06-20 22:00:00,2,39.0,39.293827
2017-06-20 23:00:00,2,35.0,36.398846
2017-06-21 00:00:00,2,34.0,34.775112
2017-06-21 01:00:00,2,31.000002,30.959454
2017-06-21 02:00:00,2,26.0,26.592684
2017-06-21 03:00:00,2,23.0,22.407808
2017-06-21 04:00:00,2,17.0,19.09649
2017-06-21 05:00:00,2,15.0,15.998521
2017-06-21 06:00:00,2,18.0,15.899571
2017-06-21 07:00:00,2,16.0,17.941166
2017-06-21 08:00:00,2,18.0,19.298716
2017-06-21 09:00:00,2,17.0,21.774464
2017-06-21 10:00:00,2,29.0,25.007288
2017-06-21 11:00:00,2,30.0,30.351902
2017-06-21 12:00:00,2,36.0,33.60833
2017-06-21 13:00:00,2,30.0,34.971523
2017-06-21 14:00:00,2,39.0,35.968468
2017-06-21 15:00:00,2,40.0,38.659084
2017-06-21 16:00:00,2,35.0,37.613834
2017-06-21 17:00:00,2,40.0,37.05428
2017-06-21 18:00:00,2,39.0,39.15382
2017-06-21 19:00:00,2,47.000004,40.760883
2017-06-21 20:00:00,2,42.0,40.893517
2017-06-21 21:00:00,2,40.0,39.935146
2017-06-21 22:00:00,2,36.0,38.168655
2017-06-21 23:00:00,2,31.000002,35.35704
2017-06-22 00:00:00,2,33.0,32.929478
2017-06-22 01:00:00,2,32.0,28.590347
2017-06-22 02:00:00,2,26.0,25.289623
2017-06-22 03:00:00,2,18.0,21.571346
2017-06-22 04:00:00,2,17.0,17.131832
2017-06-22 05:00:00,2,19.0,15.97861
2017-06-22 06:00:00,2,14.0,16.484213
2017-06-22 07:00:00,2,17.0,16.406496
2017-06-22 08:00:00,2,20.0,19.19342
2017-06-22 09:00:00,2,21.0,21.234539
2017-06-22 10:00:00,2,27.0,25.496727
2017-06-22 11:00:00,2,35.0,29.503017
2017-06-22 12:00:00,2,34.0,34.023087
2017-06-22 13:00:00,2,38.0,34.119747
2017-06-22 14:00:00,2,39.0,37.834854
2017-06-22 15:00:00,2,39.0,45.313602
2017-06-22 16:00:00,2,36.0,38.977818
2017-06-22 17:00:00,2,38.0,38.47906
2017-06-22 18:00:00,2,39.0,38.744495
2017-06-22 19:00:00,2,48.000004,40.154205
2017-06-22 20:00:00,2,39.0,43.025776
2017-06-22 21:00:00,2,36.0,39.48286
2017-06-22 22:00:00,2,36.0,36.400265
2017-06-22 23:00:00,2,33.0,34.243633
2017-06-23 00:00:00,2,32.0,31.936779
2017-06-23 01:00:00,2,28.0,27.639982
2017-06-23 02:00:00,2,24.000002,24.42789
2017-06-23 03:00:00,2,23.0,19.698757
2017-06-23 04:00:00,2,17.0,17.637016
2017-06-23 05:00:00,2,17.0,16.13598
2017-06-23 06:00:00,2,14.0,15.9461775
2017-06-23 07:00:00,2,18.0,16.534595
2017-06-23 08:00:00,2,16.0,18.351145
2017-06-23 09:00:00,2,18.0,20.137827
2017-06-23 10:00:00,2,27.0,23.611725
2017-06-23 11:00:00,2,29.0,30.063097
2017-06-23 12:00:00,2,34.0,30.974035
2017-06-23 13:00:00,2,26.0,32.01126
2017-06-23 14:00:00,2,39.0,32.70736
2017-06-23 15:00:00,2,39.0,34.651646
2017-06-23 16:00:00,2,32.0,35.286736
2017-06-23 17:00:00,2,32.0,34.211147
2017-06-23 18:00:00,2,32.0,34.271587
2017-06-23 19:00:00,2,36.0,33.977596
2017-06-23 20:00:00,2,36.0,33.454075
2017-06-23 21:00:00,2,32.0,32.44828
2017-06-23 22:00:00,2,28.0,30.91922
2017-06-23 23:00:00,2,29.0,28.61632
2017-06-24 00:00:00,2,27.0,27.329166
2017-06-24 01:00:00,2,24.000002,23.657354
2017-06-24 02:00:00,2,23.0,20.443594
2017-06-24 03:00:00,2,15.0,17.40393
2017-06-24 04:00:00,2,10.0,13.995822
2017-06-24 05:00:00,2,11.0,11.817861
2017-06-24 06:00:00,2,10.0,11.035179
2017-06-24 07:00:00,2,8.999999,11.678068
2017-06-24 08:00:00,2,12.000001,11.569543
2017-06-24 09:00:00,2,13.000001,13.399424
2017-06-24 10:00:00,2,15.0,15.58472
2017-06-24 11:00:00,2,14.0,17.546892
2017-06-24 12:00:00,2,14.0,19.251503
2017-06-24 13:00:00,2,18.0,17.130934
2017-06-24 14:00:00,2,12.000001,18.237217
2017-06-24 15:00:00,2,15.0,17.438202
2017-06-24 16:00:00,2,17.0,16.192675
2017-06-24 17:00:00,2,20.0,16.639013
2017-06-24 18:00:00,2,21.0,18.337805
2017-06-24 19:00:00,2,21.0,20.09241
2017-06-24 20:00:00,2,18.0,20.549978
2017-06-24 21:00:00,2,17.0,19.344255
2017-06-24 22:00:00,2,20.0,18.388756
2017-06-24 23:00:00,2,20.0,17.789488
2017-06-25 00:00:00,2,20.0,18.138027
2017-06-25 01:00:00,2,16.0,16.22683
2017-06-25 02:00:00,2,16.0,14.073186
2017-06-25 03:00:00,2,8.0,12.038524
2017-06-25 04:00:00,2,11.0,9.352775
2017-06-25 05:00:00,2,11.0,9.350376
2017-06-25 06:00:00,2,11.0,9.152864
2017-06-25 07:00:00,2,8.0,9.930485
2017-06-25 08:00:00,2,11.0,11.30137
2017-06-25 09:00:00,2,11.0,11.9709215
2017-06-25 10:00:00,2,13.000001,12.902595
2017-06-25 11:00:00,2,17.0,14.801766
2017-06-25 12:00:00,2,14.0,15.702025
2017-06-25 13:00:00,2,17.0,15.485867
2017-06-25 14:00:00,2,13.000001,15.384634
2017-06-25 15:00:00,2,16.0,15.11453
2017-06-25 16:00:00,2,17.0,16.108181
2017-06-25 17:00:00,2,18.0,16.689745
2017-06-25 18:00:00,2,16.0,17.155775
2017-06-25 19:00:00,2,20.0,17.475065
2017-06-25 20:00:00,2,21.0,17.594152
2017-06-25 21:00:00,2,22.0,18.020384
2017-06-25 22:00:00,2,20.0,18.154356
2017-06-25 23:00:00,2,20.0,17.369421
2017-06-26 00:00:00,2,25.000002,18.45026
2017-06-26 01:00:00,2,18.0,17.289234
2017-06-26 02:00:00,2,13.000001,15.394946
2017-06-26 03:00:00,2,13.000001,12.2629385
2017-06-26 04:00:00,2,11.0,12.4553995
2017-06-26 05:00:00,2,12.000001,12.294673
2017-06-26 06:00:00,2,13.000001,13.904661
2017-06-26 07:00:00,2,15.0,15.887756
2017-06-26 08:00:00,2,15.0,18.684772
2017-06-26 09:00:00,2,16.0,19.766956
2017-06-26 10:00:00,2,18.0,23.006845
2017-06-26 11:00:00,2,21.0,25.481504
2017-06-26 12:00:00,2,25.000002,26.240145
2017-06-26 13:00:00,2,29.0,27.471596
2017-06-26 14:00:00,2,28.0,28.441093
2017-06-26 15:00:00,2,29.0,29.55926
2017-06-26 16:00:00,2,29.0,29.38116
2017-06-26 17:00:00,2,30.0,29.95503
2017-06-26 18:00:00,2,37.0,30.40742
2017-06-26 19:00:00,2,42.0,33.77294
2017-06-26 20:00:00,2,41.0,35.693516
2017-06-26 21:00:00,2,34.0,35.895725
2017-06-26 22:00:00,2,36.0,34.152596
2017-06-26 23:00:00,2,37.0,32.552643
2017-06-27 00:00:00,2,32.0,32.388
2017-06-27 01:00:00,2,31.000002,27.975828
2017-06-27 02:00:00,2,27.0,24.557905
2017-06-27 03:00:00,2,22.0,20.987514
2017-06-27 04:00:00,2,19.0,18.161224
2017-06-27 05:00:00,2,18.0,16.26645
2017-06-27 06:00:00,2,14.0,16.990635
2017-06-27 07:00:00,2,19.0,17.44167
2017-06-27 08:00:00,2,19.0,20.280386
2017-06-27 09:00:00,2,20.0,22.403456
2017-06-27 10:00:00,2,23.0,25.253716
2017-06-27 11:00:00,2,28.0,27.983793
2017-06-27 12:00:00,2,34.0,32.522865
2017-06-27 13:00:00,2,35.0,33.338337
2017-06-27 14:00:00,2,39.0,35.646385
2017-06-27 15:00:00,2,41.0,37.886707
2017-06-27 16:00:00,2,37.0,38.462715
2017-06-27 17:00:00,2,41.0,38.246136
2017-06-27 18:00:00,2,43.0,40.640564
2017-06-27 19:00:00,2,44.0,43.096138
2017-06-27 20:00:00,2,41.0,42.903828
2017-06-27 21:00:00,2,34.0,41.40513
2017-06-27 22:00:00,2,32.0,38.738327
2017-06-27 23:00:00,2,37.0,35.31865
2017-06-28 00:00:00,2,33.0,33.55773
2017-06-28 01:00:00,2,31.000002,29.782154
2017-06-28 02:00:00,2,25.000002,25.927376
2017-06-28 03:00:00,2,22.0,22.295954
2017-06-28 04:00:00,2,18.0,18.786585
2017-06-28 05:00:00,2,18.0,16.785086
2017-06-28 06:00:00,2,17.0,16.403387
2017-06-28 07:00:00,2,21.0,17.70171
2017-06-28 08:00:00,2,18.0,20.326824
2017-06-28 09:00:00,2,23.0,21.38769
2017-06-28 10:00:00,2,24.000002,26.974241
2017-06-28 11:00:00,2,34.0,29.393991
2017-06-28 12:00:00,2,36.0,33.282436
2017-06-28 13:00:00,2,26.0,34.28027
2017-06-28 14:00:00,2,39.0,35.0123
2017-06-28 15:00:00,2,36.0,37.627373
2017-06-28 16:00:00,2,36.0,36.864536
2017-06-28 17:00:00,2,35.0,37.464287
2017-06-28 18:00:00,2,41.0,38.016422
2017-06-28 19:00:00,2,44.0,40.310806
2017-06-28 20:00:00,2,40.0,40.328903
2017-06-28 21:00:00,2,33.0,38.13035
2017-06-28 22:00:00,2,36.0,35.446487
2017-06-28 23:00:00,2,34.0,33.683197
2017-06-29 00:00:00,2,37.0,32.34022
2017-06-29 01:00:00,2,24.000002,29.489326
2017-06-29 02:00:00,2,26.0,24.933916
2017-06-29 03:00:00,2,26.0,21.354712
2017-06-29 04:00:00,2,16.0,18.752436
2017-06-29 05:00:00,2,13.000001,16.56158
2017-06-29 06:00:00,2,18.0,15.172364
2017-06-29 07:00:00,2,21.0,17.765318
2017-06-29 08:00:00,2,17.0,19.784729
2017-06-29 09:00:00,2,22.0,21.003736
2017-06-29 10:00:00,2,24.000002,25.361748
2017-06-29 11:00:00,2,25.000002,29.639893
2017-06-29 12:00:00,2,36.0,30.571053
2017-06-29 13:00:00,2,28.0,32.22453
2017-06-29 14:00:00,2,36.0,32.408848
2017-06-29 15:00:00,2,36.0,33.6845
2017-06-29 16:00:00,2,31.000002,33.887493
2017-06-29 17:00:00,2,38.0,32.675507
2017-06-29 18:00:00,2,40.0,34.7725
2017-06-29 19:00:00,2,41.0,37.482105
2017-06-29 20:00:00,2,40.0,37.113533
2017-06-29 21:00:00,2,33.0,35.81803
2017-06-29 22:00:00,2,32.0,33.998993
2017-06-29 23:00:00,2,36.0,31.400763
2017-06-30 00:00:00,2,33.0,31.448776
2017-06-30 01:00:00,2,30.0,27.262993
2017-06-30 02:00:00,2,27.0,24.491955
2017-06-30 03:00:00,2,20.0,22.014269
2017-06-30 04:00:00,2,15.0,17.256317
2017-06-30 05:00:00,2,15.0,14.889659
2017-06-30 06:00:00,2,18.0,15.097144
2017-06-30 07:00:00,2,19.0,17.15089
2017-06-30 08:00:00,2,17.0,18.4383
2017-06-30 09:00:00,2,25.000002,20.003107
2017-06-30 10:00:00,2,25.000002,26.319937
2017-06-30 11:00:00,2,28.0,27.020044
2017-06-30 12:00:00,2,28.0,30.20098
2017-06-30 13:00:00,2,33.0,29.284271
2017-06-30 14:00:00,2,38.0,32.744553
2017-06-30 15:00:00,2,33.0,34.39231
2017-06-30 16:00:00,2,29.0,32.38222
2017-06-30 17:00:00,2,32.0,32.266315
2017-06-30 18:00:00,2,34.0,32.981045
2017-06-30 19:00:00,2,34.0,33.70864
2017-06-30 20:00:00,2,35.0,33.57135
2017-06-30 21:00:00,2,31.000002,31.472942
2017-06-30 22:00:00,2,29.0,29.82536
2017-06-30 23:00:00,2,27.0,28.093164
2017-06-04 21:00:00,3,10.0,9.11115
2017-06-04 22:00:00,3,11.0,9.802117
2017-06-04 23:00:00,3,12.000001,9.67108
2017-06-05 00:00:00,3,11.0,8.83032
2017-06-05 01:00:00,3,7.0,6.8898687
2017-06-05 02:00:00,3,8.0,6.4427876
2017-06-05 03:00:00,3,7.0,6.0722466
2017-06-05 04:00:00,3,4.0,5.890567
2017-06-05 05:00:00,3,7.0,6.1493616
2017-06-05 06:00:00,3,7.0,6.585497
2017-06-05 07:00:00,3,5.9999995,8.983638
2017-06-05 08:00:00,3,12.000001,10.953439
2017-06-05 09:00:00,3,10.0,14.518854
2017-06-05 10:00:00,3,17.0,16.50159
2017-06-05 11:00:00,3,19.0,20.623688
2017-06-05 12:00:00,3,27.0,22.02116
2017-06-05 13:00:00,3,18.0,23.305248
2017-06-05 14:00:00,3,27.0,22.564835
2017-06-05 15:00:00,3,18.0,24.79875
2017-06-05 16:00:00,3,18.0,21.979084
2017-06-05 17:00:00,3,20.0,20.460154
2017-06-05 18:00:00,3,24.000002,20.846237
2017-06-05 19:00:00,3,25.000002,21.399977
2017-06-05 20:00:00,3,22.0,20.51138
2017-06-05 21:00:00,3,22.0,18.77992
2017-06-05 22:00:00,3,20.0,17.767332
2017-06-05 23:00:00,3,21.0,16.140085
2017-06-06 00:00:00,3,16.0,14.348653
2017-06-06 01:00:00,3,12.000001,9.764319
2017-06-06 02:00:00,3,8.999999,7.226728
2017-06-06 03:00:00,3,8.999999,6.4890304
2017-06-06 04:00:00,3,8.0,6.213802
2017-06-06 05:00:00,3,7.0,6.1142464
2017-06-06 06:00:00,3,5.0,6.775551
2017-06-06 07:00:00,3,8.999999,8.011832
2017-06-06 08:00:00,3,12.000001,11.174598
2017-06-06 09:00:00,3,16.0,14.787089
2017-06-06 10:00:00,3,16.0,19.422092
2017-06-06 11:00:00,3,24.000002,22.443945
2017-06-06 12:00:00,3,27.0,25.546566
2017-06-06 13:00:00,3,29.0,24.423391
2017-06-06 14:00:00,3,34.0,27.788141
2017-06-06 15:00:00,3,27.0,29.723738
2017-06-06 16:00:00,3,23.0,27.839998
2017-06-06 17:00:00,3,29.0,25.723139
2017-06-06 18:00:00,3,22.0,27.698648
2017-06-06 19:00:00,3,23.0,27.036674
2017-06-06 20:00:00,3,17.0,25.433632
2017-06-06 21:00:00,3,13.000001,21.742975
2017-06-06 22:00:00,3,22.0,17.777514
2017-06-06 23:00:00,3,17.0,18.017607
2017-06-07 00:00:00,3,16.0,14.923528
2017-06-07 01:00:00,3,13.000001,10.790262
2017-06-07 02:00:00,3,11.0,8.413206
2017-06-07 03:00:00,3,5.9999995,6.641764
2017-06-07 04:00:00,3,5.0,5.79527
2017-06-07 05:00:00,3,5.9999995,5.913261
2017-06-07 06:00:00,3,8.0,5.830039
2017-06-07 07:00:00,3,8.0,8.444788
2017-06-07 08:00:00,3,20.0,10.296891
2017-06-07 09:00:00,3,25.000002,16.844276
2017-06-07 10:00:00,3,24.000002,23.363684
2017-06-07 11:00:00,3,24.000002,26.49156
2017-06-07 12:00:00,3,20.0,27.09982
2017-06-07 13:00:00,3,24.000002,25.290573
2017-06-07 14:00:00,3,20.0,26.622328
2017-06-07 15:00:00,3,25.000002,25.68971
2017-06-07 16:00:00,3,20.0,26.138681
2017-06-07 17:00:00,3,27.0,24.320452
2017-06-07 18:00:00,3,25.000002,25.91576
2017-06-07 19:00:00,3,22.0,24.85387
2017-06-07 20:00:00,3,17.0,23.012102
2017-06-07 21:00:00,3,16.0,19.524897
2017-06-07 22:00:00,3,19.0,17.318493
2017-06-07 23:00:00,3,17.0,16.28974
2017-06-08 00:00:00,3,13.000001,14.48346
2017-06-08 01:00:00,3,10.0,10.571652
2017-06-08 02:00:00,3,8.0,7.5374513
2017-06-08 03:00:00,3,8.0,6.529822
2017-06-08 04:00:00,3,5.0,6.26791
2017-06-08 05:00:00,3,5.0,6.133013
2017-06-08 06:00:00,3,8.0,6.1311173
2017-06-08 07:00:00,3,7.0,6.929009
2017-06-08 08:00:00,3,7.0,10.096393
2017-06-08 09:00:00,3,14.0,12.990819
2017-06-08 10:00:00,3,18.0,17.378595
2017-06-08 11:00:00,3,21.0,22.647936
2017-06-08 12:00:00,3,23.0,23.777468
2017-06-08 13:00:00,3,16.0,23.011377
2017-06-08 14:00:00,3,17.0,22.755785
2017-06-08 15:00:00,3,22.0,22.383955
2017-06-08 16:00:00,3,23.0,22.724892
2017-06-08 17:00:00,3,23.0,22.645306
2017-06-08 18:00:00,3,22.0,23.217226
2017-06-08 19:00:00,3,15.0,22.825365
2017-06-08 20:00:00,3,14.0,19.460783
2017-06-08 21:00:00,3,15.0,16.877327
2017-06-08 22:00:00,3,15.0,14.712611
2017-06-08 23:00:00,3,16.0,14.042476
2017-06-09 00:00:00,3,16.0,12.71195
2017-06-09 01:00:00,3,8.999999,9.922574
2017-06-09 02:00:00,3,8.999999,6.5870633
2017-06-09 03:00:00,3,8.999999,6.1282473
2017-06-09 04:00:00,3,5.9999995,6.0476046
2017-06-09 05:00:00,3,5.0,5.983553
2017-06-09 06:00:00,3,8.0,6.0971103
2017-06-09 07:00:00,3,10.0,7.1137586
2017-06-09 08:00:00,3,11.0,10.352556
2017-06-09 09:00:00,3,11.0,12.258009
2017-06-09 10:00:00,3,17.0,17.16014
2017-06-09 11:00:00,3,25.000002,20.033531
2017-06-09 12:00:00,3,22.0,23.582191
2017-06-09 13:00:00,3,20.0,21.621576
2017-06-09 14:00:00,3,20.0,22.740316
2017-06-09 15:00:00,3,64.0,22.025122
2017-06-09 16:00:00,3,46.0,47.273087
2017-06-09 17:00:00,3,35.0,33.53968
2017-06-09 18:00:00,3,28.0,33.019806
2017-06-09 19:00:00,3,26.0,28.868006
2017-06-09 20:00:00,3,25.000002,25.120602
2017-06-09 21:00:00,3,23.0,21.996798
2017-06-09 22:00:00,3,24.000002,20.015032
2017-06-09 23:00:00,3,15.0,19.04748
2017-06-10 00:00:00,3,15.0,15.415621
2017-06-10 01:00:00,3,14.0,11.210626
2017-06-10 02:00:00,3,10.0,8.686019
2017-06-10 03:00:00,3,8.999999,5.8459306
2017-06-10 04:00:00,3,7.0,5.5583267
2017-06-10 05:00:00,3,4.0,5.0279365
2017-06-10 06:00:00,3,5.9999995,5.395044
2017-06-10 07:00:00,3,8.0,5.852652
2017-06-10 08:00:00,3,12.000001,8.368467
2017-06-10 09:00:00,3,17.0,12.2137575
2017-06-10 10:00:00,3,15.0,16.324238
2017-06-10 11:00:00,3,15.0,17.270168
2017-06-10 12:00:00,3,26.0,16.593529
2017-06-10 13:00:00,3,15.0,18.878399
2017-06-10 14:00:00,3,15.0,16.672768
2017-06-10 15:00:00,3,16.0,18.257843
2017-06-10 16:00:00,3,15.0,17.177568
2017-06-10 17:00:00,3,17.0,16.975477
2017-06-10 18:00:00,3,15.0,17.853615
2017-06-10 19:00:00,3,15.0,16.443605
2017-06-10 20:00:00,3,17.0,15.882758
2017-06-10 21:00:00,3,15.0,15.834572
2017-06-10 22:00:00,3,17.0,14.386965
2017-06-10 23:00:00,3,16.0,14.030458
2017-06-11 00:00:00,3,13.000001,12.282673
2017-06-11 01:00:00,3,5.9999995,8.797995
2017-06-11 02:00:00,3,5.0,6.8434744
2017-06-11 03:00:00,3,8.999999,6.2181187
2017-06-11 04:00:00,3,5.0,5.723186
2017-06-11 05:00:00,3,4.0,5.7053857
2017-06-11 06:00:00,3,4.0,5.8365316
2017-06-11 07:00:00,3,7.0,6.2037034
2017-06-11 08:00:00,3,8.0,7.494525
2017-06-11 09:00:00,3,8.999999,9.851971
2017-06-11 10:00:00,3,11.0,12.492149
2017-06-11 11:00:00,3,8.999999,13.914944
2017-06-11 12:00:00,3,17.0,13.944229
2017-06-11 13:00:00,3,13.000001,14.938932
2017-06-11 14:00:00,3,8.999999,12.850495
2017-06-11 15:00:00,3,11.0,11.412456
2017-06-11 16:00:00,3,12.000001,11.516155
2017-06-11 17:00:00,3,11.0,11.648867
2017-06-11 18:00:00,3,13.000001,11.789787
2017-06-11 19:00:00,3,10.0,13.341403
2017-06-11 20:00:00,3,13.000001,11.398887
2017-06-11 21:00:00,3,14.0,11.648554
2017-06-11 22:00:00,3,15.0,12.090537
2017-06-11 23:00:00,3,11.0,11.217872
2017-06-12 00:00:00,3,10.0,10.038938
2017-06-12 01:00:00,3,8.999999,7.1119943
2017-06-12 02:00:00,3,5.0,6.5219116
2017-06-12 03:00:00,3,8.0,6.03068
2017-06-12 04:00:00,3,7.0,5.8879485
2017-06-12 05:00:00,3,5.9999995,6.159462
2017-06-12 06:00:00,3,7.0,6.474864
2017-06-12 07:00:00,3,8.0,9.162087
2017-06-12 08:00:00,3,11.0,11.772056
2017-06-12 09:00:00,3,16.0,14.334581
2017-06-12 10:00:00,3,20.0,18.704046
2017-06-12 11:00:00,3,24.000002,22.245811
2017-06-12 12:00:00,3,30.0,25.015219
2017-06-12 13:00:00,3,28.0,26.840338
2017-06-12 14:00:00,3,24.000002,27.92344
2017-06-12 15:00:00,3,28.0,27.221989
2017-06-12 16:00:00,3,21.0,26.418743
2017-06-12 17:00:00,3,22.0,22.801664
2017-06-12 18:00:00,3,18.0,23.697645
2017-06-12 19:00:00,3,21.0,22.69952
2017-06-12 20:00:00,3,18.0,20.87658
2017-06-12 21:00:00,3,21.0,18.641846
2017-06-12 22:00:00,3,14.0,18.366423
2017-06-12 23:00:00,3,17.0,15.236265
2017-06-13 00:00:00,3,15.0,13.3582535
2017-06-13 01:00:00,3,10.0,9.667521
2017-06-13 02:00:00,3,11.0,6.9106617
2017-06-13 03:00:00,3,11.0,6.1202507
2017-06-13 04:00:00,3,11.0,6.013291
2017-06-13 05:00:00,3,5.9999995,6.5257
2017-06-13 06:00:00,3,7.0,6.304068
2017-06-13 07:00:00,3,12.000001,8.642519
2017-06-13 08:00:00,3,11.0,11.9505625
2017-06-13 09:00:00,3,16.0,13.948365
2017-06-13 10:00:00,3,22.0,20.36678
2017-06-13 11:00:00,3,22.0,25.200754
2017-06-13 12:00:00,3,22.0,25.714432
2017-06-13 13:00:00,3,27.0,25.814219
2017-06-13 14:00:00,3,26.0,28.218271
2017-06-13 15:00:00,3,22.0,29.028439
2017-06-13 16:00:00,3,20.0,27.53568
2017-06-13 17:00:00,3,25.000002,25.3474
2017-06-13 18:00:00,3,111.99999,25.492596
2017-06-13 19:00:00,3,69.0,97.827934
2017-06-13 20:00:00,3,44.0,54.08483
2017-06-13 21:00:00,3,39.0,46.024204
2017-06-13 22:00:00,3,31.000002,36.69964
2017-06-13 23:00:00,3,30.0,30.10773
2017-06-14 00:00:00,3,22.0,26.239553
2017-06-14 01:00:00,3,16.0,18.104086
2017-06-14 02:00:00,3,13.000001,13.379805
2017-06-14 03:00:00,3,14.0,9.948442
2017-06-14 04:00:00,3,8.999999,9.242457
2017-06-14 05:00:00,3,10.0,8.035506
2017-06-14 06:00:00,3,13.000001,10.156604
2017-06-14 07:00:00,3,17.0,13.248761
2017-06-14 08:00:00,3,20.0,16.887945
2017-06-14 09:00:00,3,26.0,20.778996
2017-06-14 10:00:00,3,27.0,25.871283
2017-06-14 11:00:00,3,34.0,28.82492
2017-06-14 12:00:00,3,33.0,31.857096
2017-06-14 13:00:00,3,30.0,30.859627
2017-06-14 14:00:00,3,30.0,31.278938
2017-06-14 15:00:00,3,29.0,30.786533
2017-06-14 16:00:00,3,30.0,29.647745
2017-06-14 17:00:00,3,23.0,29.88156
2017-06-14 18:00:00,3,26.0,33.16787
2017-06-14 19:00:00,3,21.0,32.387486
2017-06-14 20:00:00,3,21.0,29.2994
2017-06-14 21:00:00,3,23.0,26.118076
2017-06-14 22:00:00,3,23.0,23.642132
2017-06-14 23:00:00,3,19.0,21.66378
2017-06-15 00:00:00,3,21.0,18.731
2017-06-15 01:00:00,3,14.0,14.521263
2017-06-15 02:00:00,3,11.0,10.436127
2017-06-15 03:00:00,3,7.0,7.796959
2017-06-15 04:00:00,3,7.0,5.7732744
2017-06-15 05:00:00,3,10.0,5.7015104
2017-06-15 06:00:00,3,8.999999,7.8350596
2017-06-15 07:00:00,3,10.0,9.963443
2017-06-15 08:00:00,3,11.0,12.325219
2017-06-15 09:00:00,3,16.0,15.471272
2017-06-15 10:00:00,3,23.0,20.783504
2017-06-15 11:00:00,3,26.0,24.639824
2017-06-15 12:00:00,3,28.0,27.3195
2017-06-15 13:00:00,3,20.0,26.989
2017-06-15 14:00:00,3,27.0,26.652681
2017-06-15 15:00:00,3,25.000002,27.16365
2017-06-15 16:00:00,3,18.0,25.845327
2017-06-15 17:00:00,3,24.000002,23.144188
2017-06-15 18:00:00,3,16.0,24.85741
2017-06-15 19:00:00,3,20.0,22.562248
2017-06-15 20:00:00,3,25.000002,21.068014
2017-06-15 21:00:00,3,27.0,20.316862
2017-06-15 22:00:00,3,22.0,20.29428
2017-06-15 23:00:00,3,17.0,18.95848
2017-06-16 00:00:00,3,16.0,16.21742
2017-06-16 01:00:00,3,10.0,11.525934
2017-06-16 02:00:00,3,10.0,8.040503
2017-06-16 03:00:00,3,7.0,6.021063
2017-06-16 04:00:00,3,7.0,5.9905505
2017-06-16 05:00:00,3,7.0,5.7895956
2017-06-16 06:00:00,3,8.999999,5.958946
2017-06-16 07:00:00,3,8.999999,8.654918
2017-06-16 08:00:00,3,14.0,10.568675
2017-06-16 09:00:00,3,13.000001,14.760057
2017-06-16 10:00:00,3,16.0,18.530554
2017-06-16 11:00:00,3,22.0,21.444534
2017-06-16 12:00:00,3,24.000002,23.360088
2017-06-16 13:00:00,3,20.0,22.972399
2017-06-16 14:00:00,3,18.0,23.581333
2017-06-16 15:00:00,3,25.000002,24.358704
2017-06-16 16:00:00,3,25.000002,23.701124
2017-06-16 17:00:00,3,19.0,23.075533
2017-06-16 18:00:00,3,19.0,21.798094
2017-06-16 19:00:00,3,20.0,21.717915
2017-06-16 20:00:00,3,22.0,19.849531
2017-06-16 21:00:00,3,17.0,19.831463
2017-06-16 22:00:00,3,15.0,17.374458
2017-06-16 23:00:00,3,16.0,14.890395
2017-06-17 00:00:00,3,14.0,13.153498
2017-06-17 01:00:00,3,10.0,9.390089
2017-06-17 02:00:00,3,10.0,7.009741
2017-06-17 03:00:00,3,8.0,5.7381105
2017-06-17 04:00:00,3,7.0,5.4733486
2017-06-17 05:00:00,3,7.0,5.2113137
2017-06-17 06:00:00,3,5.0,5.4228096
2017-06-17 07:00:00,3,5.0,5.722266
2017-06-17 08:00:00,3,12.000001,7.235361
2017-06-17 09:00:00,3,14.0,11.633704
2017-06-17 10:00:00,3,17.0,15.192785
2017-06-17 11:00:00,3,16.0,17.642294
2017-06-17 12:00:00,3,29.0,18.367704
2017-06-17 13:00:00,3,11.0,19.593775
2017-06-17 14:00:00,3,20.0,16.022848
2017-06-17 15:00:00,3,18.0,18.04023
2017-06-17 16:00:00,3,15.0,17.364075
2017-06-17 17:00:00,3,20.0,16.303604
2017-06-17 18:00:00,3,13.000001,19.53099
2017-06-17 19:00:00,3,18.0,15.63395
2017-06-17 20:00:00,3,14.0,18.574127
2017-06-17 21:00:00,3,20.0,14.932016
2017-06-17 22:00:00,3,15.0,15.143189
2017-06-17 23:00:00,3,13.000001,12.868168
2017-06-18 00:00:00,3,16.0,11.715532
2017-06-18 01:00:00,3,10.0,8.355689
2017-06-18 02:00:00,3,8.999999,6.3955927
2017-06-18 03:00:00,3,7.0,6.057723
2017-06-18 04:00:00,3,4.0,6.2461514
2017-06-18 05:00:00,3,4.0,6.1884174
2017-06-18 06:00:00,3,5.0,6.094735
2017-06-18 07:00:00,3,4.0,6.346201
2017-06-18 08:00:00,3,11.0,7.2587004
2017-06-18 09:00:00,3,12.000001,11.656581
2017-06-18 10:00:00,3,17.0,13.445632
2017-06-18 11:00:00,3,12.000001,17.872868
2017-06-18 12:00:00,3,18.0,15.602248
2017-06-18 13:00:00,3,16.0,15.742755
2017-06-18 14:00:00,3,14.0,15.189022
2017-06-18 15:00:00,3,15.0,14.015286
2017-06-18 16:00:00,3,16.0,14.140037
2017-06-18 17:00:00,3,13.000001,14.434377
2017-06-18 18:00:00,3,14.0,13.87384
2017-06-18 19:00:00,3,14.0,14.542743
2017-06-18 20:00:00,3,17.0,13.393267
2017-06-18 21:00:00,3,12.000001,14.205669
2017-06-18 22:00:00,3,17.0,11.836103
2017-06-18 23:00:00,3,18.0,11.705309
2017-06-19 00:00:00,3,12.000001,12.621039
2017-06-19 01:00:00,3,12.000001,7.834379
2017-06-19 02:00:00,3,5.9999995,6.8244724
2017-06-19 03:00:00,3,5.9999995,6.4144793
2017-06-19 04:00:00,3,5.0,6.198549
2017-06-19 05:00:00,3,8.999999,6.260563
2017-06-19 06:00:00,3,11.0,8.002169
2017-06-19 07:00:00,3,8.999999,10.652439
2017-06-19 08:00:00,3,11.0,13.576301
2017-06-19 09:00:00,3,10.0,15.776134
2017-06-19 10:00:00,3,25.000002,17.597786
2017-06-19 11:00:00,3,30.0,26.153818
2017-06-19 12:00:00,3,32.0,28.765461
2017-06-19 13:00:00,3,28.0,29.33103
2017-06-19 14:00:00,3,34.0,29.815552
2017-06-19 15:00:00,3,30.0,31.989834
2017-06-19 16:00:00,3,24.000002,29.545408
2017-06-19 17:00:00,3,34.0,26.42126
2017-06-19 18:00:00,3,36.0,28.752508
2017-06-19 19:00:00,3,27.0,29.665403
2017-06-19 20:00:00,3,27.0,26.42414
2017-06-19 21:00:00,3,20.0,24.807861
2017-06-19 22:00:00,3,34.0,20.757608
2017-06-19 23:00:00,3,25.000002,23.166187
2017-06-20 00:00:00,3,16.0,19.011467
2017-06-20 01:00:00,3,10.0,13.494587
2017-06-20 02:00:00,3,13.000001,8.754668
2017-06-20 03:00:00,3,7.0,6.577072
2017-06-20 04:00:00,3,8.0,6.078689
2017-06-20 05:00:00,3,8.0,6.1461015
2017-06-20 06:00:00,3,8.0,7.6945605
2017-06-20 07:00:00,3,8.999999,9.7901325
2017-06-20 08:00:00,3,13.000001,12.648555
2017-06-20 09:00:00,3,16.0,14.897274
2017-06-20 10:00:00,3,28.0,22.03086
2017-06-20 11:00:00,3,26.0,28.359053
2017-06-20 12:00:00,3,29.0,29.53393
2017-06-20 13:00:00,3,25.000002,29.39258
2017-06-20 14:00:00,3,32.0,30.115765
2017-06-20 15:00:00,3,27.0,30.748436
2017-06-20 16:00:00,3,27.0,29.0265
2017-06-20 17:00:00,3,24.000002,29.639917
2017-06-20 18:00:00,3,26.0,31.683323
2017-06-20 19:00:00,3,24.000002,31.316168
2017-06-20 20:00:00,3,18.0,28.098194
2017-06-20 21:00:00,3,22.0,23.969404
2017-06-20 22:00:00,3,19.0,22.87401
2017-06-20 23:00:00,3,19.0,20.116047
2017-06-21 00:00:00,3,17.0,17.902895
2017-06-21 01:00:00,3,15.0,13.636696
2017-06-21 02:00:00,3,13.000001,10.322128
2017-06-21 03:00:00,3,10.0,8.0505295
2017-06-21 04:00:00,3,10.0,6.3210583
2017-06-21 05:00:00,3,5.9999995,6.1378975
2017-06-21 06:00:00,3,7.0,6.9381757
2017-06-21 07:00:00,3,7.0,9.249796
2017-06-21 08:00:00,3,10.0,11.058105
2017-06-21 09:00:00,3,13.000001,14.791217
2017-06-21 10:00:00,3,24.000002,20.142704
2017-06-21 11:00:00,3,22.0,25.271563
2017-06-21 12:00:00,3,26.0,26.529638
2017-06-21 13:00:00,3,23.0,26.305454
2017-06-21 14:00:00,3,53.0,27.224209
2017-06-21 15:00:00,3,37.0,36.64568
2017-06-21 16:00:00,3,28.0,33.80788
2017-06-21 17:00:00,3,31.000002,31.0583
2017-06-21 18:00:00,3,30.0,31.017485
2017-06-21 19:00:00,3,26.0,30.452734
2017-06-21 20:00:00,3,21.0,27.399813
2017-06-21 21:00:00,3,26.0,24.634714
2017-06-21 22:00:00,3,23.0,23.234776
2017-06-21 23:00:00,3,23.0,21.233246
2017-06-22 00:00:00,3,16.0,19.384258
2017-06-22 01:00:00,3,13.000001,13.981676
2017-06-22 02:00:00,3,13.000001,10.166116
2017-06-22 03:00:00,3,7.0,7.620199
2017-06-22 04:00:00,3,5.9999995,5.8722844
2017-06-22 05:00:00,3,8.999999,5.63161
2017-06-22 06:00:00,3,10.0,6.8791184
2017-06-22 07:00:00,3,8.999999,9.258017
2017-06-22 08:00:00,3,12.000001,11.826887
2017-06-22 09:00:00,3,20.0,14.497282
2017-06-22 10:00:00,3,30.0,21.390577
2017-06-22 11:00:00,3,32.0,27.152836
2017-06-22 12:00:00,3,33.0,29.985712
2017-06-22 13:00:00,3,25.000002,29.36637
2017-06-22 14:00:00,3,162.0,31.45714
2017-06-22 15:00:00,3,83.0,153.49286
2017-06-22 16:00:00,3,60.0,84.92412
2017-06-22 17:00:00,3,52.0,77.97191
2017-06-22 18:00:00,3,44.0,61.90096
2017-06-22 19:00:00,3,39.0,52.263607
2017-06-22 20:00:00,3,34.0,43.30313
2017-06-22 21:00:00,3,36.0,34.678074
2017-06-22 22:00:00,3,34.0,31.4596
2017-06-22 23:00:00,3,27.0,29.38074
2017-06-23 00:00:00,3,25.000002,24.957191
2017-06-23 01:00:00,3,15.0,18.455061
2017-06-23 02:00:00,3,11.0,13.453729
2017-06-23 03:00:00,3,5.9999995,8.793221
2017-06-23 04:00:00,3,10.0,6.278514
2017-06-23 05:00:00,3,10.0,7.3269186
2017-06-23 06:00:00,3,7.0,8.778429
2017-06-23 07:00:00,3,14.0,10.174242
2017-06-23 08:00:00,3,15.0,13.8246565
2017-06-23 09:00:00,3,19.0,17.358065
2017-06-23 10:00:00,3,27.0,22.941616
2017-06-23 11:00:00,3,31.000002,27.883846
2017-06-23 12:00:00,3,31.000002,28.988945
2017-06-23 13:00:00,3,22.0,27.945988
2017-06-23 14:00:00,3,30.0,34.38343
2017-06-23 15:00:00,3,31.000002,33.226913
2017-06-23 16:00:00,3,28.0,31.900354
2017-06-23 17:00:00,3,29.0,30.035831
2017-06-23 18:00:00,3,25.000002,29.647625
2017-06-23 19:00:00,3,27.0,27.783415
2017-06-23 20:00:00,3,21.0,26.123217
2017-06-23 21:00:00,3,19.0,23.346975
2017-06-23 22:00:00,3,20.0,20.786737
2017-06-23 23:00:00,3,23.0,18.938719
2017-06-24 00:00:00,3,16.0,18.185917
2017-06-24 01:00:00,3,10.0,13.166925
2017-06-24 02:00:00,3,12.000001,9.030907
2017-06-24 03:00:00,3,8.999999,6.543253
2017-06-24 04:00:00,3,7.0,5.4397135
2017-06-24 05:00:00,3,5.9999995,5.2122397
2017-06-24 06:00:00,3,7.0,5.320608
2017-06-24 07:00:00,3,11.0,7.192965
2017-06-24 08:00:00,3,12.000001,9.784552
2017-06-24 09:00:00,3,16.0,13.060803
2017-06-24 10:00:00,3,16.0,17.575659
2017-06-24 11:00:00,3,17.0,18.44872
2017-06-24 12:00:00,3,21.0,18.7627
2017-06-24 13:00:00,3,22.0,17.838392
2017-06-24 14:00:00,3,19.0,19.343626
2017-06-24 15:00:00,3,20.0,18.294077
2017-06-24 16:00:00,3,16.0,17.898014
2017-06-24 17:00:00,3,22.0,17.278109
2017-06-24 18:00:00,3,23.0,21.455578
2017-06-24 19:00:00,3,21.0,24.307156
2017-06-24 20:00:00,3,21.0,20.305723
2017-06-24 21:00:00,3,23.0,18.54805
2017-06-24 22:00:00,3,24.000002,17.884838
2017-06-24 23:00:00,3,20.0,17.491476
2017-06-25 00:00:00,3,21.0,15.269604
2017-06-25 01:00:00,3,10.0,11.438677
2017-06-25 02:00:00,3,11.0,7.770806
2017-06-25 03:00:00,3,8.999999,6.0089407
2017-06-25 04:00:00,3,7.0,5.607873
2017-06-25 05:00:00,3,8.999999,5.5073605
2017-06-25 06:00:00,3,7.0,5.9091454
2017-06-25 07:00:00,3,11.0,6.8292956
2017-06-25 08:00:00,3,12.000001,11.030866
2017-06-25 09:00:00,3,13.000001,12.48872
2017-06-25 10:00:00,3,17.0,14.811058
2017-06-25 11:00:00,3,22.0,17.871557
2017-06-25 12:00:00,3,24.000002,18.977114
2017-06-25 13:00:00,3,18.0,19.728785
2017-06-25 14:00:00,3,15.0,17.468151
2017-06-25 15:00:00,3,14.0,16.451712
2017-06-25 16:00:00,3,15.0,15.3768215
2017-06-25 17:00:00,3,14.0,15.6919565
2017-06-25 18:00:00,3,17.0,14.952496
2017-06-25 19:00:00,3,11.0,16.314222
2017-06-25 20:00:00,3,16.0,13.972583
2017-06-25 21:00:00,3,13.000001,14.409812
2017-06-25 22:00:00,3,15.0,12.563604
2017-06-25 23:00:00,3,14.0,12.207123
2017-06-26 00:00:00,3,13.000001,11.834662
2017-06-26 01:00:00,3,11.0,8.171158
2017-06-26 02:00:00,3,7.0,6.610682
2017-06-26 03:00:00,3,4.0,6.2752023
2017-06-26 04:00:00,3,8.0,6.1232247
2017-06-26 05:00:00,3,5.9999995,6.353614
2017-06-26 06:00:00,3,7.0,7.649315
2017-06-26 07:00:00,3,8.0,10.45031
2017-06-26 08:00:00,3,10.0,12.595093
2017-06-26 09:00:00,3,16.0,14.327813
2017-06-26 10:00:00,3,20.0,20.666327
2017-06-26 11:00:00,3,20.0,24.211554
2017-06-26 12:00:00,3,20.0,24.66846
2017-06-26 13:00:00,3,21.0,23.959635
2017-06-26 14:00:00,3,27.0,23.43415
2017-06-26 15:00:00,3,25.000002,24.698486
2017-06-26 16:00:00,3,21.0,23.961329
2017-06-26 17:00:00,3,24.000002,23.77457
2017-06-26 18:00:00,3,27.0,24.26383
2017-06-26 19:00:00,3,26.0,24.882154
2017-06-26 20:00:00,3,20.0,24.439377
2017-06-26 21:00:00,3,24.000002,21.067434
2017-06-26 22:00:00,3,24.000002,21.365486
2017-06-26 23:00:00,3,25.000002,19.963387
2017-06-27 00:00:00,3,17.0,18.57947
2017-06-27 01:00:00,3,14.0,13.352154
2017-06-27 02:00:00,3,12.000001,9.621241
2017-06-27 03:00:00,3,10.0,6.6881433
2017-06-27 04:00:00,3,8.0,5.9148064
2017-06-27 05:00:00,3,5.9999995,5.823879
2017-06-27 06:00:00,3,5.9999995,6.557556
2017-06-27 07:00:00,3,8.999999,8.793385
2017-06-27 08:00:00,3,11.0,12.011891
2017-06-27 09:00:00,3,16.0,15.367345
2017-06-27 10:00:00,3,21.0,20.26858
2017-06-27 11:00:00,3,40.0,23.483707
2017-06-27 12:00:00,3,33.0,34.512875
2017-06-27 13:00:00,3,40.0,31.009912
2017-06-27 14:00:00,3,43.0,34.86056
2017-06-27 15:00:00,3,36.0,36.68768
2017-06-27 16:00:00,3,36.0,34.793922
2017-06-27 17:00:00,3,41.0,33.70856
2017-06-27 18:00:00,3,34.0,36.36403
2017-06-27 19:00:00,3,30.0,35.76511
2017-06-27 20:00:00,3,25.000002,32.186646
2017-06-27 21:00:00,3,28.0,28.814009
2017-06-27 22:00:00,3,29.0,26.850134
2017-06-27 23:00:00,3,22.0,25.13732
2017-06-28 00:00:00,3,20.0,21.319332
2017-06-28 01:00:00,3,12.000001,16.33233
2017-06-28 02:00:00,3,8.0,10.972911
2017-06-28 03:00:00,3,8.999999,7.728877
2017-06-28 04:00:00,3,8.999999,6.0471363
2017-06-28 05:00:00,3,8.999999,6.0645223
2017-06-28 06:00:00,3,8.999999,7.119634
2017-06-28 07:00:00,3,8.0,9.607144
2017-06-28 08:00:00,3,11.0,11.296103
2017-06-28 09:00:00,3,20.0,14.139608
2017-06-28 10:00:00,3,25.000002,21.440853
2017-06-28 11:00:00,3,32.0,27.072554
2017-06-28 12:00:00,3,26.0,29.637222
2017-06-28 13:00:00,3,30.0,28.878952
2017-06-28 14:00:00,3,33.0,32.436436
2017-06-28 15:00:00,3,32.0,33.051437
2017-06-28 16:00:00,3,31.000002,31.684803
2017-06-28 17:00:00,3,29.0,31.790268
2017-06-28 18:00:00,3,28.0,31.343681
2017-06-28 19:00:00,3,31.000002,30.814053
2017-06-28 20:00:00,3,26.0,29.139496
2017-06-28 21:00:00,3,23.0,26.420732
2017-06-28 22:00:00,3,19.0,24.185806
2017-06-28 23:00:00,3,23.0,21.145817
2017-06-29 00:00:00,3,19.0,20.026657
2017-06-29 01:00:00,3,15.0,15.3247385
2017-06-29 02:00:00,3,13.000001,11.608475
2017-06-29 03:00:00,3,8.999999,8.39955
2017-06-29 04:00:00,3,8.999999,6.0676675
2017-06-29 05:00:00,3,8.999999,6.045074
2017-06-29 06:00:00,3,8.0,7.392773
2017-06-29 07:00:00,3,13.000001,9.732333
2017-06-29 08:00:00,3,14.0,12.454636
2017-06-29 09:00:00,3,17.0,15.967583
2017-06-29 10:00:00,3,22.0,21.640207
2017-06-29 11:00:00,3,27.0,25.976284
2017-06-29 12:00:00,3,27.0,26.82413
2017-06-29 13:00:00,3,23.0,26.868362
2017-06-29 14:00:00,3,32.0,31.319916
2017-06-29 15:00:00,3,32.0,31.49981
2017-06-29 16:00:00,3,26.0,30.156345
2017-06-29 17:00:00,3,26.0,28.105202
2017-06-29 18:00:00,3,35.0,27.879368
2017-06-29 19:00:00,3,24.000002,30.121496
2017-06-29 20:00:00,3,25.000002,27.259705
2017-06-29 21:00:00,3,22.0,25.130787
2017-06-29 22:00:00,3,25.000002,22.712135
2017-06-29 23:00:00,3,25.000002,21.120893
2017-06-30 00:00:00,3,20.0,20.063757
2017-06-30 01:00:00,3,14.0,14.837563
2017-06-30 02:00:00,3,11.0,10.835647
2017-06-30 03:00:00,3,7.0,7.8193936
2017-06-30 04:00:00,3,5.0,6.100139
2017-06-30 05:00:00,3,8.999999,5.8379893
2017-06-30 06:00:00,3,11.0,6.936145
2017-06-30 07:00:00,3,12.000001,10.368346
2017-06-30 08:00:00,3,8.999999,12.622737
2017-06-30 09:00:00,3,15.0,14.064758
2017-06-30 10:00:00,3,23.0,19.48223
2017-06-30 11:00:00,3,28.0,23.245089
2017-06-30 12:00:00,3,29.0,26.036507
2017-06-30 13:00:00,3,33.0,25.248507
2017-06-30 14:00:00,3,33.0,29.285437
2017-06-30 15:00:00,3,31.000002,29.752598
2017-06-30 16:00:00,3,32.0,27.442154
2017-06-30 17:00:00,3,36.0,28.524065
2017-06-30 18:00:00,3,38.0,30.821012
2017-06-30 19:00:00,3,33.0,31.280842
2017-06-30 20:00:00,3,31.000002,29.561588
2017-06-30 21:00:00,3,28.0,26.191263
2017-06-30 22:00:00,3,26.0,24.3244
2017-06-30 23:00:00,3,39.0,22.156239
2017-06-04 21:00:00,4,8.0,6.307019
2017-06-04 22:00:00,4,2.9999998,6.163839
2017-06-04 23:00:00,4,5.9999995,6.2299714
2017-06-05 00:00:00,4,8.999999,5.0225735
2017-06-05 01:00:00,4,4.0,4.3114786
2017-06-05 02:00:00,4,5.0,3.8509815
2017-06-05 03:00:00,4,5.9999995,3.4359555
2017-06-05 04:00:00,4,4.0,3.2545588
2017-06-05 05:00:00,4,5.0,3.546337
2017-06-05 06:00:00,4,2.9999998,4.1287217
2017-06-05 07:00:00,4,5.9999995,4.8528595
2017-06-05 08:00:00,4,5.9999995,5.673926
2017-06-05 09:00:00,4,7.0,6.482437
2017-06-05 10:00:00,4,8.0,7.422334
2017-06-05 11:00:00,4,14.0,10.311958
2017-06-05 12:00:00,4,13.000001,11.330621
2017-06-05 13:00:00,4,11.0,10.384701
2017-06-05 14:00:00,4,8.999999,9.726425
2017-06-05 15:00:00,4,8.0,10.062234
2017-06-05 16:00:00,4,7.0,9.292647
2017-06-05 17:00:00,4,8.0,8.957258
2017-06-05 18:00:00,4,10.0,8.263954
2017-06-05 19:00:00,4,5.0,7.9117413
2017-06-05 20:00:00,4,8.999999,7.9824195
2017-06-05 21:00:00,4,8.0,7.804514
2017-06-05 22:00:00,4,4.0,7.451518
2017-06-05 23:00:00,4,7.0,7.2858505
2017-06-06 00:00:00,4,5.0,5.97047
2017-06-06 01:00:00,4,8.999999,5.039552
2017-06-06 02:00:00,4,4.0,4.0350327
2017-06-06 03:00:00,4,7.0,3.6102536
2017-06-06 04:00:00,4,4.0,3.301082
2017-06-06 05:00:00,4,4.0,3.5395286
2017-06-06 06:00:00,4,2.0,3.9120867
2017-06-06 07:00:00,4,5.9999995,4.537579
2017-06-06 08:00:00,4,5.9999995,5.3184643
2017-06-06 09:00:00,4,10.0,6.252575
2017-06-06 10:00:00,4,8.999999,7.8074822
2017-06-06 11:00:00,4,13.000001,12.578895
2017-06-06 12:00:00,4,24.000002,12.695539
2017-06-06 13:00:00,4,10.0,14.650885
2017-06-06 14:00:00,4,13.000001,14.183555
2017-06-06 15:00:00,4,12.000001,13.669087
2017-06-06 16:00:00,4,8.999999,11.123097
2017-06-06 17:00:00,4,14.0,9.75429
2017-06-06 18:00:00,4,8.999999,10.764993
2017-06-06 19:00:00,4,5.9999995,9.545538
2017-06-06 20:00:00,4,10.0,9.236508
2017-06-06 21:00:00,4,10.0,8.517322
2017-06-06 22:00:00,4,12.000001,8.061223
2017-06-06 23:00:00,4,7.0,7.528932
2017-06-07 00:00:00,4,5.9999995,6.511107
2017-06-07 01:00:00,4,7.0,5.592849
2017-06-07 02:00:00,4,5.9999995,4.63184
2017-06-07 03:00:00,4,5.9999995,3.9233975
2017-06-07 04:00:00,4,5.0,3.572806
2017-06-07 05:00:00,4,4.0,3.5559585
2017-06-07 06:00:00,4,2.9999998,3.788337
2017-06-07 07:00:00,4,5.9999995,4.5115542
2017-06-07 08:00:00,4,5.9999995,5.3444266
2017-06-07 09:00:00,4,5.0,6.1865196
2017-06-07 10:00:00,4,10.0,7.176959
2017-06-07 11:00:00,4,10.0,9.705942
2017-06-07 12:00:00,4,13.000001,11.81206
2017-06-07 13:00:00,4,7.0,9.932568
2017-06-07 14:00:00,4,8.999999,9.179654
2017-06-07 15:00:00,4,8.999999,8.718035
2017-06-07 16:00:00,4,13.000001,8.645718
2017-06-07 17:00:00,4,8.999999,8.603094
2017-06-07 18:00:00,4,7.0,8.484807
2017-06-07 19:00:00,4,12.000001,8.470046
2017-06-07 20:00:00,4,8.0,8.353033
2017-06-07 21:00:00,4,8.0,8.295715
2017-06-07 22:00:00,4,5.9999995,8.069387
2017-06-07 23:00:00,4,8.0,7.6210585
2017-06-08 00:00:00,4,8.999999,6.300773
2017-06-08 01:00:00,4,8.0,5.3874774
2017-06-08 02:00:00,4,7.0,4.6395664
2017-06-08 03:00:00,4,5.9999995,4.0162053
2017-06-08 04:00:00,4,5.9999995,3.699877
2017-06-08 05:00:00,4,8.0,3.580932
2017-06-08 06:00:00,4,2.0,4.028761
2017-06-08 07:00:00,4,5.9999995,4.5288925
2017-06-08 08:00:00,4,5.9999995,5.3989463
2017-06-08 09:00:00,4,8.0,6.133391
2017-06-08 10:00:00,4,10.0,7.359398
2017-06-08 11:00:00,4,8.999999,11.824256
2017-06-08 12:00:00,4,13.000001,11.102757
2017-06-08 13:00:00,4,8.0,9.264171
2017-06-08 14:00:00,4,13.000001,8.807448
2017-06-08 15:00:00,4,19.0,9.790601
2017-06-08 16:00:00,4,10.0,12.643667
2017-06-08 17:00:00,4,10.0,9.483025
2017-06-08 18:00:00,4,5.9999995,8.594782
2017-06-08 19:00:00,4,8.0,8.571179
2017-06-08 20:00:00,4,8.0,8.399302
2017-06-08 21:00:00,4,8.999999,8.113991
2017-06-08 22:00:00,4,4.0,7.584503
2017-06-08 23:00:00,4,8.999999,7.1536865
2017-06-09 00:00:00,4,8.0,5.8794465
2017-06-09 01:00:00,4,5.9999995,5.218669
2017-06-09 02:00:00,4,2.9999998,4.31231
2017-06-09 03:00:00,4,4.0,3.464902
2017-06-09 04:00:00,4,5.0,3.140432
2017-06-09 05:00:00,4,2.0,3.0621564
2017-06-09 06:00:00,4,5.9999995,3.3539112
2017-06-09 07:00:00,4,4.0,4.200463
2017-06-09 08:00:00,4,4.0,4.9636397
2017-06-09 09:00:00,4,7.0,5.581281
2017-06-09 10:00:00,4,5.0,6.966889
2017-06-09 11:00:00,4,12.000001,7.4050407
2017-06-09 12:00:00,4,8.0,10.134738
2017-06-09 13:00:00,4,11.0,8.088706
2017-06-09 14:00:00,4,15.0,8.473231
2017-06-09 15:00:00,4,14.0,10.109296
2017-06-09 16:00:00,4,10.0,11.30245
2017-06-09 17:00:00,4,10.0,8.930167
2017-06-09 18:00:00,4,7.0,8.542528
2017-06-09 19:00:00,4,8.0,8.266786
2017-06-09 20:00:00,4,11.0,8.157375
2017-06-09 21:00:00,4,8.999999,7.878778
2017-06-09 22:00:00,4,7.0,7.439892
2017-06-09 23:00:00,4,8.999999,7.1518826
2017-06-10 00:00:00,4,5.9999995,6.062806
2017-06-10 01:00:00,4,8.0,5.03157
2017-06-10 02:00:00,4,2.0,3.9709742
2017-06-10 03:00:00,4,2.9999998,3.4563406
2017-06-10 04:00:00,4,4.0,2.7990744
2017-06-10 05:00:00,4,2.0,2.6044724
2017-06-10 06:00:00,4,5.9999995,2.8318837
2017-06-10 07:00:00,4,2.9999998,3.70126
2017-06-10 08:00:00,4,2.9999998,4.3736763
2017-06-10 09:00:00,4,8.0,5.283638
2017-06-10 10:00:00,4,5.9999995,6.296022
2017-06-10 11:00:00,4,8.0,6.856309
2017-06-10 12:00:00,4,4.0,7.173349
2017-06-10 13:00:00,4,14.0,6.9777656
2017-06-10 14:00:00,4,14.0,7.5131707
2017-06-10 15:00:00,4,10.0,7.8422804
2017-06-10 16:00:00,4,8.999999,7.641349
2017-06-10 17:00:00,4,12.000001,7.550929
2017-06-10 18:00:00,4,7.0,7.6637025
2017-06-10 19:00:00,4,11.0,7.495203
2017-06-10 20:00:00,4,8.0,7.465674
2017-06-10 21:00:00,4,5.9999995,7.435234
2017-06-10 22:00:00,4,10.0,7.217917
2017-06-10 23:00:00,4,12.000001,7.011215
2017-06-11 00:00:00,4,5.9999995,5.9227495
2017-06-11 01:00:00,4,5.0,5.018713
2017-06-11 02:00:00,4,5.0,4.0058894
2017-06-11 03:00:00,4,5.0,3.239267
2017-06-11 04:00:00,4,5.0,2.8936493
2017-06-11 05:00:00,4,5.9999995,2.9210465
2017-06-11 06:00:00,4,5.9999995,3.320896
2017-06-11 07:00:00,4,4.0,3.96754
2017-06-11 08:00:00,4,7.0,4.487672
2017-06-11 09:00:00,4,5.9999995,5.432536
2017-06-11 10:00:00,4,5.9999995,6.217437
2017-06-11 11:00:00,4,7.0,6.805773
2017-06-11 12:00:00,4,8.0,6.817811
2017-06-11 13:00:00,4,5.9999995,7.134421
2017-06-11 14:00:00,4,5.0,6.7906017
2017-06-11 15:00:00,4,7.0,6.57542
2017-06-11 16:00:00,4,8.999999,6.4562607
2017-06-11 17:00:00,4,8.999999,6.44086
2017-06-11 18:00:00,4,7.0,6.299906
2017-06-11 19:00:00,4,11.0,6.4138103
2017-06-11 20:00:00,4,8.0,6.4571443
2017-06-11 21:00:00,4,8.0,6.572919
2017-06-11 22:00:00,4,7.0,6.456763
2017-06-11 23:00:00,4,8.0,6.397906
2017-06-12 00:00:00,4,4.0,5.4806266
2017-06-12 01:00:00,4,5.0,4.799297
2017-06-12 02:00:00,4,2.9999998,3.8351195
2017-06-12 03:00:00,4,4.0,3.3214827
2017-06-12 04:00:00,4,2.9999998,3.2564871
2017-06-12 05:00:00,4,4.0,3.5656962
2017-06-12 06:00:00,4,2.0,4.115393
2017-06-12 07:00:00,4,4.0,4.759509
2017-06-12 08:00:00,4,5.9999995,5.6136913
2017-06-12 09:00:00,4,5.9999995,6.3952293
2017-06-12 10:00:00,4,7.0,7.1694946
2017-06-12 11:00:00,4,7.0,8.699883
2017-06-12 12:00:00,4,13.000001,8.425599
2017-06-12 13:00:00,4,8.0,9.400417
2017-06-12 14:00:00,4,13.000001,9.002655
2017-06-12 15:00:00,4,10.0,10.586916
2017-06-12 16:00:00,4,16.0,9.685859
2017-06-12 17:00:00,4,11.0,9.65076
2017-06-12 18:00:00,4,8.999999,9.301771
2017-06-12 19:00:00,4,10.0,9.077836
2017-06-12 20:00:00,4,7.0,9.07786
2017-06-12 21:00:00,4,8.0,8.687346
2017-06-12 22:00:00,4,11.0,7.753601
2017-06-12 23:00:00,4,11.0,7.6702957
2017-06-13 00:00:00,4,8.0,6.532135
2017-06-13 01:00:00,4,8.999999,5.5261264
2017-06-13 02:00:00,4,4.0,4.528453
2017-06-13 03:00:00,4,2.9999998,3.9954827
2017-06-13 04:00:00,4,2.0,3.564882
2017-06-13 05:00:00,4,5.0,3.4308891
2017-06-13 06:00:00,4,5.9999995,3.836988
2017-06-13 07:00:00,4,7.0,4.6712193
2017-06-13 08:00:00,4,2.9999998,5.5576205
2017-06-13 09:00:00,4,8.0,6.15101
2017-06-13 10:00:00,4,7.0,8.382775
2017-06-13 11:00:00,4,8.0,10.319193
2017-06-13 12:00:00,4,10.0,9.82529
2017-06-13 13:00:00,4,8.999999,8.7513485
2017-06-13 14:00:00,4,12.000001,9.131968
2017-06-13 15:00:00,4,10.0,11.170209
2017-06-13 16:00:00,4,14.0,10.638204
2017-06-13 17:00:00,4,11.0,10.105714
2017-06-13 18:00:00,4,19.0,10.198877
2017-06-13 19:00:00,4,13.000001,15.872711
2017-06-13 20:00:00,4,7.0,11.277249
2017-06-13 21:00:00,4,10.0,10.414513
2017-06-13 22:00:00,4,10.0,9.265146
2017-06-13 23:00:00,4,7.0,8.613273
2017-06-14 00:00:00,4,7.0,7.325289
2017-06-14 01:00:00,4,5.9999995,6.098417
2017-06-14 02:00:00,4,5.9999995,4.928076
2017-06-14 03:00:00,4,4.0,4.131956
2017-06-14 04:00:00,4,2.9999998,3.519471
2017-06-14 05:00:00,4,5.0,3.50116
2017-06-14 06:00:00,4,2.9999998,4.008218
2017-06-14 07:00:00,4,5.0,4.6513457
2017-06-14 08:00:00,4,8.0,5.389605
2017-06-14 09:00:00,4,5.9999995,6.3871894
2017-06-14 10:00:00,4,5.9999995,7.1474886
2017-06-14 11:00:00,4,12.000001,8.0397005
2017-06-14 12:00:00,4,11.0,11.759633
2017-06-14 13:00:00,4,22.0,8.883517
2017-06-14 14:00:00,4,17.0,14.336762
2017-06-14 15:00:00,4,11.0,15.082306
2017-06-14 16:00:00,4,8.0,13.215554
2017-06-14 17:00:00,4,10.0,9.864151
2017-06-14 18:00:00,4,13.000001,9.212344
2017-06-14 19:00:00,4,10.0,10.41147
2017-06-14 20:00:00,4,16.0,8.862741
2017-06-14 21:00:00,4,14.0,8.719055
2017-06-14 22:00:00,4,10.0,8.579542
2017-06-14 23:00:00,4,7.0,8.548779
2017-06-15 00:00:00,4,10.0,7.293964
2017-06-15 01:00:00,4,4.0,6.13134
2017-06-15 02:00:00,4,5.9999995,5.1528106
2017-06-15 03:00:00,4,7.0,4.162887
2017-06-15 04:00:00,4,5.0,3.6141517
2017-06-15 05:00:00,4,7.0,3.747592
2017-06-15 06:00:00,4,5.9999995,4.2517643
2017-06-15 07:00:00,4,2.9999998,4.9499364
2017-06-15 08:00:00,4,7.0,5.5294886
2017-06-15 09:00:00,4,12.000001,6.321586
2017-06-15 10:00:00,4,11.0,10.237036
2017-06-15 11:00:00,4,13.000001,12.0694
2017-06-15 12:00:00,4,8.999999,14.370626
2017-06-15 13:00:00,4,11.0,11.575362
2017-06-15 14:00:00,4,8.0,11.592957
2017-06-15 15:00:00,4,8.0,9.731444
2017-06-15 16:00:00,4,7.0,8.662779
2017-06-15 17:00:00,4,8.999999,8.279038
2017-06-15 18:00:00,4,5.9999995,8.125995
2017-06-15 19:00:00,4,8.999999,7.952895
2017-06-15 20:00:00,4,5.9999995,7.898096
2017-06-15 21:00:00,4,5.0,7.868619
2017-06-15 22:00:00,4,7.0,7.547999
2017-06-15 23:00:00,4,5.9999995,7.173882
2017-06-16 00:00:00,4,4.0,5.9613876
2017-06-16 01:00:00,4,2.0,4.98976
2017-06-16 02:00:00,4,7.0,3.8525383
2017-06-16 03:00:00,4,5.9999995,2.9865603
2017-06-16 04:00:00,4,5.0,2.9757824
2017-06-16 05:00:00,4,5.0,3.1535485
2017-06-16 06:00:00,4,2.9999998,3.7674227
2017-06-16 07:00:00,4,2.0,4.295587
2017-06-16 08:00:00,4,5.0,4.8719587
2017-06-16 09:00:00,4,8.0,5.83168
2017-06-16 10:00:00,4,11.0,6.935067
2017-06-16 11:00:00,4,8.0,10.406746
2017-06-16 12:00:00,4,10.0,8.805236
2017-06-16 13:00:00,4,13.000001,8.310136
2017-06-16 14:00:00,4,8.999999,9.12517
2017-06-16 15:00:00,4,22.0,8.215374
2017-06-16 16:00:00,4,15.0,10.512108
2017-06-16 17:00:00,4,13.000001,9.543733
2017-06-16 18:00:00,4,8.999999,8.584358
2017-06-16 19:00:00,4,20.0,8.51616
2017-06-16 20:00:00,4,22.0,8.39903
2017-06-16 21:00:00,4,11.0,10.072288
2017-06-16 22:00:00,4,12.000001,8.733603
2017-06-16 23:00:00,4,7.0,8.222863
2017-06-17 00:00:00,4,5.9999995,6.8896556
2017-06-17 01:00:00,4,5.9999995,5.6815557
2017-06-17 02:00:00,4,5.0,4.3851886
2017-06-17 03:00:00,4,2.9999998,3.5412102
2017-06-17 04:00:00,4,5.0,3.0857482
2017-06-17 05:00:00,4,5.0,3.0559316
2017-06-17 06:00:00,4,7.0,3.3656774
2017-06-17 07:00:00,4,5.0,3.9603143
2017-06-17 08:00:00,4,10.0,4.6183476
2017-06-17 09:00:00,4,5.0,5.8806195
2017-06-17 10:00:00,4,8.999999,6.5567374
2017-06-17 11:00:00,4,4.0,8.241649
2017-06-17 12:00:00,4,8.999999,7.3055196
2017-06-17 13:00:00,4,4.0,7.648731
2017-06-17 14:00:00,4,5.9999995,7.214079
2017-06-17 15:00:00,4,5.9999995,7.411335
2017-06-17 16:00:00,4,8.999999,7.30188
2017-06-17 17:00:00,4,8.0,7.196382
2017-06-17 18:00:00,4,7.0,7.0545225
2017-06-17 19:00:00,4,7.0,6.968006
2017-06-17 20:00:00,4,12.000001,7.127677
2017-06-17 21:00:00,4,11.0,7.005162
2017-06-17 22:00:00,4,13.000001,6.9894676
2017-06-17 23:00:00,4,12.000001,6.918191
2017-06-18 00:00:00,4,12.000001,5.931099
2017-06-18 01:00:00,4,8.0,5.21127
2017-06-18 02:00:00,4,7.0,4.440426
2017-06-18 03:00:00,4,4.0,3.8260021
2017-06-18 04:00:00,4,2.9999998,3.5492363
2017-06-18 05:00:00,4,2.9999998,3.386707
2017-06-18 06:00:00,4,4.0,3.5959349
2017-06-18 07:00:00,4,5.0,4.062257
2017-06-18 08:00:00,4,2.9999998,4.7353125
2017-06-18 09:00:00,4,8.0,5.225966
2017-06-18 10:00:00,4,10.0,6.151055
2017-06-18 11:00:00,4,5.0,8.412239
2017-06-18 12:00:00,4,8.999999,6.652385
2017-06-18 13:00:00,4,8.999999,7.0043883
2017-06-18 14:00:00,4,10.0,6.879368
2017-06-18 15:00:00,4,8.0,6.8774137
2017-06-18 16:00:00,4,4.0,6.853225
2017-06-18 17:00:00,4,4.0,6.479237
2017-06-18 18:00:00,4,8.0,6.3151093
2017-06-18 19:00:00,4,10.0,6.473974
2017-06-18 20:00:00,4,7.0,6.4569607
2017-06-18 21:00:00,4,8.0,6.3799114
2017-06-18 22:00:00,4,5.9999995,6.3206596
2017-06-18 23:00:00,4,10.0,6.120398
2017-06-19 00:00:00,4,7.0,5.243384
2017-06-19 01:00:00,4,2.9999998,4.8609343
2017-06-19 02:00:00,4,2.0,3.949844
2017-06-19 03:00:00,4,5.0,3.611015
2017-06-19 04:00:00,4,5.9999995,3.4343338
2017-06-19 05:00:00,4,5.0,3.7820783
2017-06-19 06:00:00,4,2.0,4.406536
2017-06-19 07:00:00,4,5.0,4.981401
2017-06-19 08:00:00,4,2.9999998,5.7909603
2017-06-19 09:00:00,4,4.0,6.4061127
2017-06-19 10:00:00,4,5.9999995,7.2868056
2017-06-19 11:00:00,4,8.999999,9.417617
2017-06-19 12:00:00,4,10.0,9.18923
2017-06-19 13:00:00,4,7.0,8.640205
2017-06-19 14:00:00,4,13.000001,9.196437
2017-06-19 15:00:00,4,13.000001,10.976409
2017-06-19 16:00:00,4,13.000001,9.794296
2017-06-19 17:00:00,4,11.0,9.783666
2017-06-19 18:00:00,4,7.0,9.432459
2017-06-19 19:00:00,4,8.999999,9.569043
2017-06-19 20:00:00,4,7.0,9.174249
2017-06-19 21:00:00,4,8.0,8.650732
2017-06-19 22:00:00,4,11.0,8.035565
2017-06-19 23:00:00,4,5.9999995,7.4356465
2017-06-20 00:00:00,4,8.0,6.55905
2017-06-20 01:00:00,4,4.0,5.3260975
2017-06-20 02:00:00,4,4.0,4.20409
2017-06-20 03:00:00,4,5.9999995,3.5689042
2017-06-20 04:00:00,4,4.0,3.261349
2017-06-20 05:00:00,4,2.0,3.3748555
2017-06-20 06:00:00,4,5.0,3.853812
2017-06-20 07:00:00,4,2.0,4.6389027
2017-06-20 08:00:00,4,5.9999995,5.246056
2017-06-20 09:00:00,4,5.0,6.0495615
2017-06-20 10:00:00,4,8.0,7.1994705
2017-06-20 11:00:00,4,10.0,9.862565
2017-06-20 12:00:00,4,8.999999,10.742497
2017-06-20 13:00:00,4,8.999999,8.678836
2017-06-20 14:00:00,4,7.0,9.428143
2017-06-20 15:00:00,4,14.0,8.750376
2017-06-20 16:00:00,4,5.9999995,10.141591
2017-06-20 17:00:00,4,11.0,8.902648
2017-06-20 18:00:00,4,8.999999,8.852279
2017-06-20 19:00:00,4,10.0,8.677158
2017-06-20 20:00:00,4,11.0,8.568039
2017-06-20 21:00:00,4,8.0,8.473102
2017-06-20 22:00:00,4,12.000001,8.055618
2017-06-20 23:00:00,4,10.0,7.8168383
2017-06-21 00:00:00,4,7.0,6.725842
2017-06-21 01:00:00,4,5.9999995,5.7627654
2017-06-21 02:00:00,4,8.0,4.6879168
2017-06-21 03:00:00,4,2.0,4.0616474
2017-06-21 04:00:00,4,2.9999998,3.7195091
2017-06-21 05:00:00,4,2.0,3.4938695
2017-06-21 06:00:00,4,4.0,3.770841
2017-06-21 07:00:00,4,4.0,4.4485784
2017-06-21 08:00:00,4,5.9999995,5.243522
2017-06-21 09:00:00,4,7.0,6.182112
2017-06-21 10:00:00,4,8.0,7.324362
2017-06-21 11:00:00,4,5.0,9.783816
2017-06-21 12:00:00,4,16.0,8.468194
2017-06-21 13:00:00,4,7.0,10.0459385
2017-06-21 14:00:00,4,11.0,8.761648
2017-06-21 15:00:00,4,8.999999,11.189179
2017-06-21 16:00:00,4,13.000001,8.934225
2017-06-21 17:00:00,4,10.0,8.681097
2017-06-21 18:00:00,4,10.0,8.442733
2017-06-21 19:00:00,4,11.0,8.56433
2017-06-21 20:00:00,4,13.000001,8.50292
2017-06-21 21:00:00,4,14.0,8.400673
2017-06-21 22:00:00,4,13.000001,8.194352
2017-06-21 23:00:00,4,11.0,8.185939
2017-06-22 00:00:00,4,7.0,7.1593685
2017-06-22 01:00:00,4,8.0,6.1080074
2017-06-22 02:00:00,4,4.0,4.9950995
2017-06-22 03:00:00,4,2.9999998,4.252928
2017-06-22 04:00:00,4,7.0,3.6737988
2017-06-22 05:00:00,4,2.0,3.6938143
2017-06-22 06:00:00,4,4.0,3.816099
2017-06-22 07:00:00,4,5.0,4.558055
2017-06-22 08:00:00,4,10.0,5.327419
2017-06-22 09:00:00,4,10.0,6.4418783
2017-06-22 10:00:00,4,8.999999,9.568666
2017-06-22 11:00:00,4,13.000001,11.155187
2017-06-22 12:00:00,4,13.000001,12.722729
2017-06-22 13:00:00,4,11.0,10.15853
2017-06-22 14:00:00,4,33.0,10.388214
2017-06-22 15:00:00,4,25.000002,31.600622
2017-06-22 16:00:00,4,28.0,19.80237
2017-06-22 17:00:00,4,20.0,20.900246
2017-06-22 18:00:00,4,15.0,18.677425
2017-06-22 19:00:00,4,15.0,16.411558
2017-06-22 20:00:00,4,12.000001,13.556338
2017-06-22 21:00:00,4,10.0,10.584922
2017-06-22 22:00:00,4,16.0,9.538769
2017-06-22 23:00:00,4,10.0,8.899794
2017-06-23 00:00:00,4,5.9999995,7.7544475
2017-06-23 01:00:00,4,2.0,6.4195123
2017-06-23 02:00:00,4,2.9999998,5.1843567
2017-06-23 03:00:00,4,5.9999995,4.0583158
2017-06-23 04:00:00,4,7.0,3.349246
2017-06-23 05:00:00,4,5.9999995,3.4746802
2017-06-23 06:00:00,4,7.0,3.908858
2017-06-23 07:00:00,4,5.9999995,4.7408
2017-06-23 08:00:00,4,5.0,5.4116445
2017-06-23 09:00:00,4,8.0,6.3740115
2017-06-23 10:00:00,4,12.000001,8.412577
2017-06-23 11:00:00,4,10.0,12.452264
2017-06-23 12:00:00,4,12.000001,10.465501
2017-06-23 13:00:00,4,7.0,9.319287
2017-06-23 14:00:00,4,12.000001,9.523156
2017-06-23 15:00:00,4,11.0,10.802779
2017-06-23 16:00:00,4,12.000001,10.48659
2017-06-23 17:00:00,4,12.000001,8.869811
2017-06-23 18:00:00,4,8.0,9.534757
2017-06-23 19:00:00,4,17.0,8.461492
2017-06-23 20:00:00,4,17.0,8.898079
2017-06-23 21:00:00,4,10.0,8.561654
2017-06-23 22:00:00,4,10.0,8.501109
2017-06-23 23:00:00,4,14.0,8.174066
2017-06-24 00:00:00,4,10.0,6.847969
2017-06-24 01:00:00,4,5.0,5.945704
2017-06-24 02:00:00,4,5.0,4.8439236
2017-06-24 03:00:00,4,4.0,3.8431609
2017-06-24 04:00:00,4,5.0,3.4225738
2017-06-24 05:00:00,4,5.0,3.4055517
2017-06-24 06:00:00,4,5.0,3.7521937
2017-06-24 07:00:00,4,4.0,4.375026
2017-06-24 08:00:00,4,2.9999998,4.97047
2017-06-24 09:00:00,4,5.0,5.635453
2017-06-24 10:00:00,4,12.000001,6.507239
2017-06-24 11:00:00,4,11.0,8.48009
2017-06-24 12:00:00,4,12.000001,8.553975
2017-06-24 13:00:00,4,5.9999995,8.285859
2017-06-24 14:00:00,4,14.0,7.7156153
2017-06-24 15:00:00,4,10.0,8.02235
2017-06-24 16:00:00,4,5.9999995,7.867816
2017-06-24 17:00:00,4,8.999999,7.670737
2017-06-24 18:00:00,4,8.999999,7.596846
2017-06-24 19:00:00,4,10.0,7.585639
2017-06-24 20:00:00,4,10.0,7.5329175
2017-06-24 21:00:00,4,7.0,7.336453
2017-06-24 22:00:00,4,8.999999,7.1196146
2017-06-24 23:00:00,4,5.9999995,6.9087496
2017-06-25 00:00:00,4,5.9999995,5.9335384
2017-06-25 01:00:00,4,5.0,4.80079
2017-06-25 02:00:00,4,2.9999998,3.7114985
2017-06-25 03:00:00,4,4.0,2.9783404
2017-06-25 04:00:00,4,2.9999998,2.9030616
2017-06-25 05:00:00,4,5.0,2.9276655
2017-06-25 06:00:00,4,4.0,3.3327222
2017-06-25 07:00:00,4,5.9999995,3.7915363
2017-06-25 08:00:00,4,5.9999995,4.6321106
2017-06-25 09:00:00,4,5.9999995,5.19706
2017-06-25 10:00:00,4,5.0,6.1374307
2017-06-25 11:00:00,4,8.0,6.693497
2017-06-25 12:00:00,4,5.0,7.020624
2017-06-25 13:00:00,4,5.9999995,6.9171543
2017-06-25 14:00:00,4,7.0,6.930495
2017-06-25 15:00:00,4,8.999999,6.9036818
2017-06-25 16:00:00,4,5.9999995,6.730256
2017-06-25 17:00:00,4,8.0,6.481986
2017-06-25 18:00:00,4,5.0,6.4028554
2017-06-25 19:00:00,4,7.0,6.2879753
2017-06-25 20:00:00,4,8.0,6.1869807
2017-06-25 21:00:00,4,8.0,6.0520415
2017-06-25 22:00:00,4,10.0,6.004765
2017-06-25 23:00:00,4,5.0,5.980989
2017-06-26 00:00:00,4,5.9999995,5.111199
2017-06-26 01:00:00,4,5.9999995,4.46741
2017-06-26 02:00:00,4,5.0,3.7746644
2017-06-26 03:00:00,4,2.9999998,3.4103174
2017-06-26 04:00:00,4,1.0,3.5117471
2017-06-26 05:00:00,4,5.9999995,3.7744856
2017-06-26 06:00:00,4,5.0,4.4011264
2017-06-26 07:00:00,4,5.9999995,5.156886
2017-06-26 08:00:00,4,2.9999998,6.0314565
2017-06-26 09:00:00,4,5.9999995,6.5634384
2017-06-26 10:00:00,4,10.0,7.529157
2017-06-26 11:00:00,4,8.999999,10.362454
2017-06-26 12:00:00,4,7.0,9.165537
2017-06-26 13:00:00,4,10.0,8.636493
2017-06-26 14:00:00,4,8.999999,8.644205
2017-06-26 15:00:00,4,12.000001,8.805443
2017-06-26 16:00:00,4,10.0,8.785466
2017-06-26 17:00:00,4,12.000001,8.814698
2017-06-26 18:00:00,4,11.0,8.825021
2017-06-26 19:00:00,4,7.0,8.910028
2017-06-26 20:00:00,4,8.999999,9.170288
2017-06-26 21:00:00,4,8.0,8.748782
2017-06-26 22:00:00,4,10.0,8.2439785
2017-06-26 23:00:00,4,10.0,7.6890616
2017-06-27 00:00:00,4,8.999999,6.4667406
2017-06-27 01:00:00,4,5.0,5.713851
2017-06-27 02:00:00,4,5.0,4.7368455
2017-06-27 03:00:00,4,4.0,3.885621
2017-06-27 04:00:00,4,1.0,3.4758325
2017-06-27 05:00:00,4,1.0,3.325806
2017-06-27 06:00:00,4,1.0,3.7449112
2017-06-27 07:00:00,4,5.9999995,4.3589664
2017-06-27 08:00:00,4,2.9999998,5.24463
2017-06-27 09:00:00,4,4.0,6.04076
2017-06-27 10:00:00,4,8.999999,7.064603
2017-06-27 11:00:00,4,12.000001,8.807204
2017-06-27 12:00:00,4,33.0,13.422165
2017-06-27 13:00:00,4,18.0,19.840996
2017-06-27 14:00:00,4,15.0,18.618814
2017-06-27 15:00:00,4,12.000001,18.03916
2017-06-27 16:00:00,4,10.0,14.083497
2017-06-27 17:00:00,4,13.000001,11.160423
2017-06-27 18:00:00,4,15.0,11.65779
2017-06-27 19:00:00,4,12.000001,12.25991
2017-06-27 20:00:00,4,8.0,10.345153
2017-06-27 21:00:00,4,10.0,9.656883
2017-06-27 22:00:00,4,11.0,8.837137
2017-06-27 23:00:00,4,8.0,8.252538
2017-06-28 00:00:00,4,5.9999995,7.056518
2017-06-28 01:00:00,4,8.999999,6.026755
2017-06-28 02:00:00,4,4.0,4.857676
2017-06-28 03:00:00,4,5.9999995,4.111009
2017-06-28 04:00:00,4,4.0,3.5763474
2017-06-28 05:00:00,4,4.0,3.5742688
2017-06-28 06:00:00,4,5.0,3.9625669
2017-06-28 07:00:00,4,8.0,4.7364974
2017-06-28 08:00:00,4,5.9999995,5.5940666
2017-06-28 09:00:00,4,7.0,6.389395
2017-06-28 10:00:00,4,12.000001,8.039281
2017-06-28 11:00:00,4,13.000001,12.046554
2017-06-28 12:00:00,4,10.0,15.678911
2017-06-28 13:00:00,4,14.0,11.443559
2017-06-28 14:00:00,4,15.0,12.889784
2017-06-28 15:00:00,4,17.0,14.242285
2017-06-28 16:00:00,4,16.0,14.104282
2017-06-28 17:00:00,4,14.0,13.644804
2017-06-28 18:00:00,4,11.0,13.586702
2017-06-28 19:00:00,4,15.0,12.324885
2017-06-28 20:00:00,4,23.0,10.900619
2017-06-28 21:00:00,4,17.0,11.497216
2017-06-28 22:00:00,4,22.0,10.66207
2017-06-28 23:00:00,4,18.0,10.988751
2017-06-29 00:00:00,4,14.0,9.037906
2017-06-29 01:00:00,4,11.0,7.5273614
2017-06-29 02:00:00,4,10.0,6.582024
2017-06-29 03:00:00,4,5.0,5.5245495
2017-06-29 04:00:00,4,5.0,4.988425
2017-06-29 05:00:00,4,4.0,4.6292944
2017-06-29 06:00:00,4,7.0,4.687878
2017-06-29 07:00:00,4,5.9999995,5.370362
2017-06-29 08:00:00,4,8.0,5.9441895
2017-06-29 09:00:00,4,14.0,6.805766
2017-06-29 10:00:00,4,12.000001,12.521182
2017-06-29 11:00:00,4,15.0,15.687512
2017-06-29 12:00:00,4,20.0,14.974186
2017-06-29 13:00:00,4,17.0,15.661183
2017-06-29 14:00:00,4,17.0,13.95237
2017-06-29 15:00:00,4,16.0,14.614598
2017-06-29 16:00:00,4,19.0,14.263066
2017-06-29 17:00:00,4,17.0,13.412517
2017-06-29 18:00:00,4,19.0,13.543222
2017-06-29 19:00:00,4,8.999999,14.525198
2017-06-29 20:00:00,4,13.000001,11.039334
2017-06-29 21:00:00,4,12.000001,9.804104
2017-06-29 22:00:00,4,15.0,9.287265
2017-06-29 23:00:00,4,11.0,8.8736725
2017-06-30 00:00:00,4,8.999999,7.6716623
2017-06-30 01:00:00,4,7.0,6.7797246
2017-06-30 02:00:00,4,5.0,5.4809384
2017-06-30 03:00:00,4,5.9999995,4.488866
2017-06-30 04:00:00,4,5.0,3.9178967
2017-06-30 05:00:00,4,5.0,3.7655456
2017-06-30 06:00:00,4,5.9999995,4.1856194
2017-06-30 07:00:00,4,4.0,4.777699
2017-06-30 08:00:00,4,5.0,5.409251
2017-06-30 09:00:00,4,7.0,6.295129
2017-06-30 10:00:00,4,15.0,7.3137026
2017-06-30 11:00:00,4,14.0,11.872134
2017-06-30 12:00:00,4,8.999999,13.925465
2017-06-30 13:00:00,4,11.0,9.695962
2017-06-30 14:00:00,4,10.0,10.662276
2017-06-30 15:00:00,4,14.0,8.9492445
2017-06-30 16:00:00,4,16.0,8.943451
2017-06-30 17:00:00,4,16.0,10.670364
2017-06-30 18:00:00,4,17.0,12.057086
2017-06-30 19:00:00,4,11.0,11.852038
2017-06-30 20:00:00,4,30.0,9.429278
2017-06-30 21:00:00,4,16.0,12.739598
2017-06-30 22:00:00,4,22.0,10.101054
2017-06-30 23:00:00,4,12.000001,10.513034
